Bank_Name,ATMs_On_Site,ATMs_Off_Site,PoS,Micro_ATMs,Bharat_QR_Codes,UPI_QR_Codes,Credit_Cards_Outstanding,Debit_Cards_Outstanding,CC_Vol_PoS,CC_Val_PoS,CC_Vol_Online,CC_Val_Online,CC_Vol_Others,CC_Val_Others,CC_Vol_Cash_ATM,CC_Val_Cash_ATM,DC_Vol_PoS,DC_Val_PoS,DC_Vol_Online,DC_Val_Online,DC_Vol_Others,DC_Val_Others,DC_Vol_Cash_ATM,DC_Val_Cash_ATM,DC_Vol_Cash_PoS,DC_Val_Cash_PoS,Reporting_Month
BANK OF BARODA,9065.0,2498.0,54921.0,42154.0,26609.0,3111464.0,3067672.0,88543345.0,9344751.0,17166415.73052,3811131.0,18182702.10071,0.0,0.0,11214.0,60636.9,2625488.0,6458731.504460002,346759.0,2184017.4402700006,16.0,32.8,21898974.0,114518031.128,2.0,1.3,December
BANK OF INDIA,5201.0,2494.0,19012.0,25206.0,0.0,1401822.0,97552.0,37596257.0,112787.0,507882.50795,328293.0,606122.77503,0.0,0.0,7140.0,39984.34001,1856284.0,4275239.0458,293503.0,840341.80272,0.0,0.0,13831137.0,61246129.096,1.0,0.8,December
BANK OF MAHARASHTRA,2366.0,250.0,271.0,6273.0,355014.0,958837.0,0.0,13766520.0,0.0,0.0,0.0,0.0,0.0,0.0,0.0,0.0,930277.0,2204824.51736,118212.0,431937.40056,6159.0,65134.76551,5721334.0,30063437.90071,0.0,0.0,December
CANARA BANK,7444.0,3343.0,91899.0,12000.0,0.0,3798016.0,1070400.0,60619366.0,1127228.0,4608134.919369999,550614.0,3118864.60032,0.0,0.0,85647.0,504921.2,5022285.0,15060948.033940002,784576.0,3893210.71787,4525.0,88679.963,28289970.0,143933619.218,4.0,2.94,December
CENTRAL BANK OF INDIA,2953.0,1223.0,3461.0,2816.0,38138.0,1923040.0,0.0,30155592.0,0.0,0.0,0.0,0.0,0.0,0.0,0.0,0.0,987772.0,2806753.524,168307.0,678921.209,0.0,0.0,7260954.0,35643726.392,34.0,446.961,December
INDIAN BANK,4980.0,644.0,24125.0,16247.0,0.0,2675454.0,269341.0,35172261.0,184906.0,865107.3866,135199.0,990744.4911,0.0,0.0,3936.0,32615.163,2555832.0,6548939.24441,323326.0,927855.175,122.0,399.937,17268441.0,87802927.63359001,2.0,1.9,December
INDIAN OVERSEAS BANK,2891.0,731.0,0.0,11959.0,0.0,550350.0,119805.0,21030991.0,365247.0,738433.62278,52842.0,198842.56003,0.0,0.0,6319.0,31977.4,2016957.0,4931091.47419,190362.0,592150.04183,0.0,0.0,11457757.0,53153212.67455,0.0,0.0,December
PUNJAB AND SIND BANK,1085.0,39.0,1230.0,2004.0,1390.0,216495.0,0.0,3548908.0,0.0,0.0,0.0,0.0,0.0,0.0,0.0,0.0,43252.0,144085.209,181974.0,473058.687,0.0,0.0,1216975.0,6247923.4,0.0,0.0,December
PUNJAB NATIONAL BANK,7297.0,3812.0,23599.0,0.0,353988.0,1453386.0,703699.0,39874642.0,368117.0,1666025.01209,293182.0,1595541.49054,1.0,20.0,6064.0,19067.8,3300078.0,8951348.84187,703394.0,1984869.55834,0.0,0.0,21644634.0,113941424.2,0.0,0.0,December
STATE BANK OF INDIA,28777.0,34212.0,1754954.0,51875.0,1044696.0,5823509.0,21809462.0,250344379.0,26084641.0,131394133.65,69626323.0,267534421.489,0.0,0.0,129715.0,579962.679,26391586.0,70290378.08047,5785901.0,20271288.08464,563.0,6737.56359,147490888.0,828342027.4663,8797.0,8268.953309999999,December
UCO BANK,2384.0,218.0,10283.0,3568.0,143.0,1438896.0,0.0,13944452.0,0.0,0.0,0.0,0.0,0.0,0.0,0.0,0.0,745187.0,2057670.5395,200521.0,590977.56313,907.0,18150.46748,6121049.0,30668172.369080003,26.0,16.3,December
UNION BANK OF INDIA,7696.0,604.0,41778.0,8083.0,396866.0,293218.0,501942.0,57665930.0,477047.0,2185699.60276,2008835.0,3391780.133,0.0,0.0,8200.0,39006.103,3655271.0,8928647.57297,855670.0,2413699.43851,2066.0,8063.232,41647730.0,124518911.566,8.0,6.35742,December
AXIS BANK LTD,6679.0,6159.0,2450385.0,0.0,516506.0,118498377.0,15649230.0,41185166.0,47921796.0,117941168.63295034,28513294.0,113876084.1821696,0.0,0.0,72381.0,410826.47975,3615557.0,14622951.988360004,1705575.0,11891038.23951999,10301.0,267029.094,14860449.0,103555488.954,0.0,0.0,December
BANDHAN BANK LTD,427.0,5.0,72120.0,0.0,42502.0,0.0,4263.0,6642683.0,1139.0,4677.083860000001,848.0,4771.013099999999,7902.0,7614.4555,0.0,0.0,175462.0,647443.6762400001,51867.0,236001.22138,0.0,0.0,1927256.0,11378091.835,12.0,6.6,December
CITY UNION BANK LTD.,1222.0,456.0,6805.0,38365.0,0.0,71688.0,55072.0,3338989.0,56164.0,298787.3739600018,26164.0,295315.5435899994,0.0,0.0,239.0,1474.28521,397033.0,1254845.23557,34131.0,99254.32796999998,0.0,0.0,2067284.0,12650521.22069,0.0,0.0,December
CSB BANK LTD.,781.0,37.0,0.0,0.0,20088.0,0.0,185870.0,968907.0,250715.0,672854.6434100001,2110887.0,1911973.62572,0.0,0.0,0.0,0.0,110829.0,306980.73902,7241.0,50036.617,0.0,0.0,366573.0,2012857.0,0.0,0.0,December
DCB BANK LTD,438.0,5.0,0.0,0.0,0.0,0.0,6992.0,1260382.0,3344.0,12473.10683,4349.0,16358.28018,0.0,0.0,68.0,447.23482,78902.0,257795.55193,52432.0,208168.93737,198.0,5863.63,235620.0,1618722.482,0.0,0.0,December
DHANALAXMI BANK LTD,243.0,39.0,1637.0,0.0,0.0,42232.0,14767.0,615841.0,28981.0,76871.05169,7541.0,32073.96626,0.0,0.0,343.0,1260.7,111550.0,251175.08213999995,3198.0,8653.36911,0.0,0.0,387040.0,1781918.84066,0.0,0.0,December
FEDERAL BANK LTD,1808.0,286.0,25081.0,300.0,0.0,6269950.0,1933006.0,14806518.0,3964771.0,10033476.18182,4926406.0,14009355.23257,0.0,0.0,5841.0,28818.32059,2348603.0,7675461.47619,958216.0,4142685.38429,3117.0,47172.67805,6877508.0,38161328.455,0.0,0.0,December
HDFC BANK LTD,13012.0,8164.0,1849215.0,1970.0,2195690.0,1093969.0,25798482.0,62337860.0,102856839.0,209032048.3454,40101845.0,363322955.1499201,0.0,0.0,165727.0,1146885.64315,8036684.0,37216246.75328999,5710725.0,35302053.54846001,44935.0,935078.64838,29883212.0,219333653.822,16.0,14.55,December
ICICI BANK LTD,9359.0,2619.0,2274627.0,6189.0,563565.0,3906054.0,18650525.0,31909357.0,18268365.0,115961707.29043978,74873346.0,252752851.29396072,99.0,9040.023,55201.0,300184.128,4487151.0,24085464.978130154,2852409.0,20419793.13291988,4064.0,94682.356,11632362.0,96381715.423,0.0,0.0,December
IDBI BANK LTD,2400.0,621.0,13722.0,2208.0,0.0,479210.0,46044.0,11730672.0,84131.0,394779.1431000104,85004.0,358501.7366099929,0.0,0.0,548.0,3315.3754900000004,866475.0,2279164.5340999784,164008.0,574912.3881100002,0.0,0.0,4181633.0,23012255.34577,87.0,52.93677,December
IDFC FIRST BANK LTD,771.0,208.0,38190.0,7176.0,0.0,226014.0,4343671.0,6831979.0,16355380.0,27206336.131,2979972.0,21490886.48,0.0,0.0,22755.0,119127.5,570388.0,2424629.37933,364892.0,2633859.75351,0.0,0.0,2862297.0,17434953.759,0.0,0.0,December
INDUSIND BANK LTD,2064.0,999.0,131257.0,0.0,12192.0,6724565.0,3175162.0,11818073.0,4080258.0,26543889.189,9423586.0,26054978.086,0.0,0.0,19376.0,106545.627,522864.0,1767465.47,398914.0,2282464.871,942.0,83305.301,4126195.0,18435400.0,0.0,0.0,December
JAMMU AND KASHMIR BANK LTD,963.0,642.0,14078.0,1330.0,0.0,666016.0,142234.0,5222636.0,216695.0,1708091.33515,96471.0,409637.50955,0.0,0.0,10100.0,48239.41207,586137.0,1563867.2517200003,430340.0,489535.3936799999,0.0,0.0,4547368.0,25538721.729,0.0,0.0,December
KARNATAKA BANK LTD,962.0,508.0,8887.0,0.0,0.0,140229.0,0.0,5622616.0,0.0,0.0,0.0,0.0,0.0,0.0,0.0,0.0,590798.0,1288943.9456300002,40765.0,141896.67449,0.0,0.0,3262211.0,16855904.072,0.0,0.0,December
KARUR VYSYA BANK LTD,1582.0,629.0,6469.0,0.0,0.0,47018.0,9700.0,5499545.0,22668.0,156701.53095,7750.0,117448.91321,0.0,0.0,440.0,3383.3,729989.0,2008582.3575099984,100166.0,515867.36400999984,0.0,0.0,3534811.0,19111136.9197,0.0,0.0,December
KOTAK MAHINDRA BANK LTD,2017.0,732.0,81933.0,0.0,172677.0,802846.0,4557559.0,36251897.0,14718243.0,28886462.47895,4066182.0,34114366.88564,0.0,0.0,26795.0,142737.61729,1687041.0,5119344.462,1669653.0,6220513.105,0.0,0.0,8859724.0,50184882.82872999,0.0,0.0,December
NAINITAL BANK LTD,0.0,0.0,0.0,0.0,0.0,0.0,0.0,329706.0,0.0,0.0,0.0,0.0,0.0,0.0,0.0,0.0,10349.0,21726.27549,3011.0,9253.78218,0.0,0.0,57483.0,298519.6,0.0,0.0,December
RBL BANK LTD,381.0,34.0,2340461.0,0.0,1595.0,53315.0,4596775.0,1664469.0,4579756.0,25918888.14158,6509988.0,46558013.08246,0.0,0.0,33951.0,181156.98142,111384.0,401797.6527599999,66450.0,462009.54279,92.0,3969.41034,384623.0,2229378.53439,0.0,0.0,December
SOUTH INDIAN BANK,911.0,358.0,13710.0,0.0,35040.0,111911.0,353593.0,4119420.0,480824.0,2073241.74326,591552.0,3542919.44893,0.0,0.0,0.0,0.0,840792.0,2630682.343,142776.0,829286.202,0.0,0.0,2511783.0,13593889.689,0.0,0.0,December
TAMILNAD MERCANTILE BANK LTD,509.0,644.0,1179.0,0.0,0.0,198323.0,17986.0,2582039.0,39927.0,187137.08567,14723.0,99219.47577,0.0,0.0,1976.0,7684.090450000001,272271.0,1055887.68602,23111.0,151434.97916999998,59.0,196.671,4110670.0,21730425.0,0.0,0.0,December
YES BANK LTD,1225.0,125.0,104628.0,77629.0,113520.0,562338604.0,2762210.0,5384048.0,14223309.0,24352431.7984,1344608.0,14390939.52887,0.0,0.0,10206.0,55634.9,390487.0,1368120.816869985,109815.0,833205.4786899947,17.0,244.796,1622706.0,10209365.544,0.0,0.0,December
AMERICAN EXPRESS BANKING CORPORATION,0.0,0.0,11265.0,0.0,0.0,0.0,1336371.0,0.0,1828014.0,17420566.711,4306355.0,42080680.386,0.0,0.0,0.0,0.0,0.0,0.0,0.0,0.0,0.0,0.0,0.0,0.0,0.0,0.0,December
BANK OF AMERICA,0.0,0.0,0.0,0.0,0.0,0.0,0.0,0.0,0.0,0.0,0.0,0.0,0.0,0.0,0.0,0.0,0.0,0.0,0.0,0.0,0.0,0.0,0.0,0.0,0.0,0.0,December
BANK OF BAHRAIN & KUWAIT B.S.C.,0.0,0.0,0.0,0.0,0.0,0.0,0.0,1124.0,0.0,0.0,0.0,0.0,0.0,0.0,0.0,0.0,909.0,3184.1909,0.0,0.0,0.0,0.0,1307.0,6466.3,0.0,0.0,December
BARCLAYS BANK PLC,0.0,0.0,0.0,0.0,1.0,0.0,0.0,507.0,0.0,0.0,0.0,0.0,0.0,0.0,0.0,0.0,54.0,515.05713,0.0,0.0,0.0,0.0,541.0,5027.8,0.0,0.0,December
CITI BANK,0.0,0.0,0.0,0.0,0.0,0.0,265113.0,0.0,158208.0,1295548.8715400165,312056.0,3851066.118169506,0.0,0.0,553.0,4332.4,0.0,0.0,0.0,0.0,0.0,0.0,0.0,0.0,0.0,0.0,December
DBS INDIA BANK LTD,413.0,323.0,669.0,85.0,0.0,8996.0,349652.0,1625313.0,372352.0,1740849.58648,269804.0,2313853.02454,0.0,0.0,1329.0,4184.9,141769.0,441124.1237099986,57444.0,262102.8773200001,0.0,0.0,610134.0,3756442.858000042,0.0,0.0,December
DEUTSCHE BANK LTD,12.0,3.0,0.0,0.0,0.0,285.0,0.0,98667.0,0.0,0.0,0.0,0.0,0.0,0.0,0.0,0.0,21052.0,87811.94924999992,15441.0,55493.10187000018,0.0,0.0,23499.0,151857.59,0.0,0.0,December
DOHA BANK Q.P.S.C.,2.0,0.0,0.0,0.0,0.0,0.0,0.0,23463.0,0.0,0.0,0.0,0.0,0.0,0.0,0.0,0.0,721.0,3088.51269,125.0,426.09122,0.0,0.0,1543.0,9462.9,0.0,0.0,December
HSBC LTD,50.0,25.0,0.0,0.0,0.0,0.0,962642.0,896480.0,1221804.0,5287146.037599967,2803707.0,11598853.838700004,0.0,0.0,2692.0,19518.6901,292585.0,1676930.21485,0.0,0.0,0.0,0.0,240165.0,1573539.49527,0.0,0.0,December
KEB HANA BANK,1.0,0.0,0.0,0.0,0.0,0.0,0.0,1854.0,0.0,0.0,0.0,0.0,0.0,0.0,0.0,0.0,860.0,2930.507,70.0,222.178,0.0,0.0,238.0,1741.778,0.0,0.0,December
KOOKMIN BANK,0.0,0.0,0.0,0.0,0.0,0.0,0.0,597.0,0.0,0.0,0.0,0.0,0.0,0.0,0.0,0.0,279.0,631.0614499999999,105.0,353.39405,0.0,0.0,65.0,424.4,0.0,0.0,December
SBM BANK INDIA LTD,0.0,0.0,0.0,0.0,0.0,105.0,809743.0,852534.0,136462.0,196909.84796999968,337573.0,419401.72364000056,0.0,0.0,1637.0,4386.75938,8620.0,29097.03116,9448.0,42570.81862,0.0,0.0,30229.0,100239.96886,0.0,0.0,December
STANDARD CHARTERED BANK LTD,99.0,36.0,0.0,0.0,0.0,0.0,692292.0,854728.0,798626.0,3142076.754630127,920446.0,4854606.077009784,0.0,0.0,1360.0,9686.6,209866.0,950975.751819989,110553.0,444927.48538998846,24.0,549.179,390577.0,2343604.850060001,0.0,0.0,December
WOORI BANK,0.0,0.0,0.0,0.0,0.0,0.0,0.0,1761.0,0.0,0.0,0.0,0.0,0.0,0.0,0.0,0.0,1545.0,6711.626840000001,741.0,2417.217519999998,0.0,0.0,0.0,0.0,0.0,0.0,December
AIRTEL PAYMENTS BANK,0.0,0.0,0.0,159060.0,0.0,1162123.0,0.0,9516251.0,0.0,0.0,0.0,0.0,0.0,0.0,0.0,0.0,1376230.0,63679.30078,23964.0,27944.41284,0.0,0.0,584399.0,2255791.4437,0.0,0.0,December
FINO PAYMENTS BANK,0.0,0.0,0.0,468335.0,0.0,10648.0,0.0,10718820.0,0.0,0.0,0.0,0.0,0.0,0.0,0.0,0.0,104140.0,205690.2664400001,1684.0,5656.81758,0.0,0.0,1919246.0,6742858.767,0.0,0.0,December
INDIA POST PAYMENTS BANK,0.0,0.0,0.0,184818.0,0.0,3110435.0,0.0,30591622.0,0.0,0.0,0.0,0.0,0.0,0.0,0.0,0.0,0.0,0.0,65684.0,77156.11071,0.0,0.0,0.0,0.0,0.0,0.0,December
JIO PAYMENTS BANK ,0.0,0.0,0.0,0.0,0.0,155273.0,0.0,1453354.0,0.0,0.0,0.0,0.0,0.0,0.0,0.0,0.0,15620.0,39571.95196,21051.0,144542.08153,2776.0,1718.28241,166828.0,978894.46,0.0,0.0,December
NSDL PAYMENTS BANK,0.0,0.0,0.0,277380.0,0.0,0.0,0.0,2729084.0,0.0,0.0,0.0,0.0,0.0,0.0,0.0,0.0,19034.0,37971.27828,16638.0,48944.03475,0.0,0.0,472609.0,1385595.4,0.0,0.0,December
PAYTM PAYMENTS BANK,0.0,0.0,0.0,0.0,0.0,0.0,0.0,29632348.0,0.0,0.0,0.0,0.0,0.0,0.0,0.0,0.0,46.0,17.73771,198.0,16.48584,0.0,0.0,23.0,65.6,0.0,0.0,December
AU SMALL FINANCE BANK LTD,735.0,6.0,0.0,861.0,0.0,372998.0,957676.0,9159062.0,794080.0,4256688.96517,2791209.0,6608852.57436,344.0,198.206,2726.0,17441.4,155454.0,482631.96098,160326.0,783773.2567099999,164.0,2600.649,1259009.0,6978168.558,0.0,0.0,December
CAPITAL SMALL FINANCE BANK LTD,201.0,2.0,0.0,0.0,0.0,0.0,0.0,239625.0,0.0,0.0,0.0,0.0,0.0,0.0,0.0,0.0,21547.0,71343.76122,2033.0,14545.99078,0.0,0.0,108431.0,659868.9,0.0,0.0,December
EQUITAS SMALL FINANCE BANK LTD,386.0,4.0,2821.0,354.0,0.0,61615.0,8054.0,1198611.0,55546.0,108018.89098,5604.0,69578.58472,0.0,0.0,166.0,1103.6,74651.0,213401.69056,15249.0,103174.44218,0.0,0.0,1682764.0,5131953.726,0.0,0.0,December
ESAF SMALL FINANCE BANK LTD,718.0,2.0,0.0,5279.0,0.0,0.0,7288.0,5704377.0,4408.0,11294.51577999997,39781.0,32842.691769999896,0.0,0.0,24.0,117.4,116213.0,263265.32775000005,7793.0,32481.83237,0.0,0.0,750760.0,3970843.63,0.0,0.0,December
JANA SMALL FINANCE BANK LTD,57.0,5.0,0.0,173.0,0.0,587312.0,0.0,4275936.0,0.0,0.0,0.0,0.0,0.0,0.0,0.0,0.0,41250.0,98584.10451,8939.0,22665.824920000003,0.0,0.0,629948.0,2315094.12163,0.0,0.0,December
SLICE SMALL FINANCE BANK LTD,3.0,0.0,0.0,0.0,0.0,4712.0,64943.0,3562619.0,996850.0,592785.13,207899.0,340296.316,0.0,0.0,0.0,0.0,7965.0,17856.778,21346.0,121282.9818,0.0,0.0,60263.0,310545.9,2887.0,10769.02,December
SHIVALIK SMALL FINANCE BANK LTD,0.0,0.0,0.0,0.0,0.0,0.0,0.0,36911.0,0.0,0.0,0.0,0.0,0.0,0.0,0.0,0.0,1429.0,3721.7809699999984,639.0,5131.977369999999,0.0,0.0,13480.0,74434.912,0.0,0.0,December
SURYODAY SMALL FINANCE BANK LTD,0.0,0.0,0.0,67.0,0.0,0.0,24296.0,926244.0,4080.0,13040.125329999992,10755.0,29858.79453000003,0.0,0.0,15.0,55.0,6487.0,11994.538,1309.0,6064.829,0.0,0.0,72825.0,351808.043,0.0,0.0,December
UJJIVAN SMALL FINANCE BANK LTD,609.0,4.0,0.0,0.0,0.0,534183.0,0.0,6221035.0,0.0,0.0,0.0,0.0,0.0,0.0,0.0,0.0,120273.0,290651.22116,19460.0,102594.67875,0.0,0.0,3038612.0,13340268.08469,0.0,0.0,December
UNITY SMALL FINANCE BANK LTD,186.0,0.0,0.0,0.0,0.0,0.0,120488.0,116522.0,28216.0,82020.15256,54062.0,178406.56128999995,0.0,0.0,1002.0,4146.22483,8341.0,22653.23107,1225.0,6285.15187,0.0,0.0,41078.0,203866.017,0.0,0.0,December
UTKARSH SMALL FINANCE BANK LTD,364.0,8.0,0.0,783.0,0.0,41792.0,250141.0,1520972.0,15313.0,24038.23128,67172.0,71836.56641,2576433.0,656550.96598,511.0,628.8,17374.0,57691.55765000002,3989.0,28204.186600000023,0.0,0.0,154569.0,1010471.39639,0.0,0.0,December
BANK OF BARODA,8652.0,2394.0,51874.0,44745.0,24251.0,2573124.0,3020028.0,88476869.0,7372043.0,13992659.736,3256021.0,16126261.019,0.0,0.0,9177.0,46946.8,3065939.0,7707527.585349992,264918.0,2160911.358239994,14.0,38.85,22751796.0,118487332.212,30.0,33.47,April
BANK OF INDIA,5322.0,2678.0,18476.0,23196.0,0.0,1264361.0,72649.0,37409291.0,179947.0,799510.2289600001,64225.0,308575.77798,0.0,0.0,8096.0,42337.29017,2185736.0,5037880.58177,394001.0,836677.39627,0.0,0.0,14485141.0,63111619.961,3.0,2.02,April
BANK OF MAHARASHTRA,2170.0,252.0,68.0,6285.0,355014.0,941058.0,27688.0,13204010.0,41862.0,194660.93686,18415.0,96378.64107,0.0,0.0,704.0,3396.1,1030536.0,2325661.7622800004,174296.0,449254.98943,5439.0,58618.25763,5701938.0,28753671.94244,0.0,0.0,April
CANARA BANK,7370.0,3658.0,76084.0,8304.0,0.0,3799380.0,969566.0,60242260.0,1033320.0,4170108.47129,441085.0,2633648.69559,0.0,0.0,82299.0,469437.3,5425395.0,15535750.140750002,888362.0,3664551.05933,4276.0,79206.144,28263281.0,141882963.012,12.0,9.85,April
CENTRAL BANK OF INDIA,2879.0,1188.0,3289.0,2649.0,35673.0,2016531.0,0.0,27953279.0,0.0,0.0,0.0,0.0,0.0,0.0,0.0,0.0,1335544.0,3348014.704,192581.0,654801.249,0.0,0.0,8105883.0,39340781.961,41.0,325.397,April
INDIAN BANK,4688.0,616.0,19845.0,14744.0,0.0,2916477.0,279286.0,33490148.0,207296.0,934105.09974,141946.0,1075915.46299,0.0,0.0,4177.0,33122.176,2780478.0,7987075.824360001,477214.0,1138765.749,144.0,513.398,18145585.0,90473665.69038,11.0,10.0,April
INDIAN OVERSEAS BANK,2762.0,734.0,0.0,10192.0,0.0,462806.0,73382.0,18539929.0,75056.0,245912.26064,27543.0,109567.97236,0.0,0.0,2692.0,13583.2,2117163.0,5202583.52805,235794.0,664633.3261000001,0.0,0.0,11349312.0,50266966.575550005,0.0,0.0,April
PUNJAB AND SIND BANK,1024.0,29.0,1004.0,1740.0,1150.0,185031.0,0.0,3542230.0,0.0,0.0,0.0,0.0,0.0,0.0,0.0,0.0,267245.0,732793.98556,77999.0,198375.92165,0.0,0.0,1257216.0,6428638.1,0.0,0.0,April
PUNJAB NATIONAL BANK,7532.0,4071.0,28580.0,0.0,766788.0,1006384.0,610791.0,41396462.0,354156.0,1617720.4656399998,253026.0,1497867.75747,2.0,94.0,5781.0,19174.7,3654916.0,10222563.07167,986523.0,2497130.5180900004,0.0,0.0,22708850.0,121739903.18699,0.0,0.0,April
STATE BANK OF INDIA,27276.0,36373.0,1610352.0,50043.0,1023581.0,5306195.0,20982901.0,241772286.0,25868038.0,113780679.86661008,53167124.0,180371551.18743005,0.0,0.0,135795.0,591610.6688,29518426.0,78799441.70295,6655135.0,20459536.19032,715.0,9847.00403,151750654.0,842000000.00002,13951.0,13176.50764,April
UCO BANK,2288.0,226.0,10693.0,3568.0,181.0,1315462.0,0.0,13073450.0,0.0,0.0,0.0,0.0,0.0,0.0,0.0,0.0,850041.0,2387197.04372,256707.0,634552.25422,843.0,15259.84177,6132639.0,30516924.61454,51.0,27.414160000000003,April
UNION BANK OF INDIA,7706.0,1247.0,48642.0,8024.0,341758.0,288334.0,489745.0,56125507.0,549715.0,2400171.243,1809575.0,3404283.30262,0.0,0.0,8982.0,39782.767810000005,4189650.0,10200135.36618,1467001.0,3193152.42616,2282.0,9289.063,39715247.0,124106968.288,13.0,94.24836,April
AXIS BANK LTD,6576.0,7685.0,2221316.0,369.0,632466.0,103012602.0,14955199.0,39728245.0,38313013.0,95731843.63180023,26270338.0,116283464.0896202,0.0,0.0,68276.0,366526.8,3946371.0,13766841.445700044,1736213.0,9719497.528059991,9806.0,257849.207,15747755.0,104943881.74,0.0,0.0,April
BANDHAN BANK LTD,433.0,5.0,68621.0,0.0,30757.0,0.0,887.0,6234161.0,424.0,1434.81666,220.0,674.7385400000001,1.0,8.863760000000001,2.0,1.0,215345.0,764652.1151400006,49474.0,261639.61615999904,0.0,0.0,2111912.0,11643402.552,9.0,7.1,April
CITY UNION BANK LTD.,1230.0,516.0,7303.0,89967.0,0.0,78773.0,48119.0,3125993.0,53108.0,223046.1819000016,23523.0,228920.688,0.0,0.0,183.0,982.2,455747.0,1409388.28429,43564.0,125606.82983000002,0.0,0.0,2260214.0,13566570.45639,0.0,0.0,April
CSB BANK LTD.,756.0,38.0,0.0,0.0,18067.0,0.0,159706.0,925902.0,242802.0,726561.1671000001,1610147.0,1581583.42602,0.0,0.0,0.0,0.0,137101.0,338335.58709,9989.0,39576.85625,0.0,0.0,400566.0,2080122.6,0.0,0.0,April
DCB BANK LTD,430.0,5.0,0.0,0.0,0.0,0.0,197.0,940135.0,420.0,1984.29579,322.0,1393.34989,0.0,0.0,14.0,84.0,72557.0,233608.11928,38703.0,168144.67452,239.0,7821.88,242006.0,1479512.967,0.0,0.0,April
DHANALAXMI BANK LTD,241.0,39.0,1535.0,0.0,0.0,38035.0,13234.0,589522.0,25915.0,64156.9378,7293.0,29079.76233,0.0,0.0,279.0,1129.8,125398.0,272497.30427,5155.0,15212.441429999995,0.0,0.0,385003.0,1741129.86494,0.0,0.0,April
FEDERAL BANK LTD,1775.0,314.0,22529.0,0.0,0.0,5956952.0,1215370.0,14497075.0,2813005.0,7465444.01176,1728636.0,9169845.90145,0.0,0.0,5522.0,26548.37813,2643443.0,7804215.324130001,1138275.0,3892549.27204,2971.0,39340.43953,7080918.0,37936420.234,0.0,0.0,April
HDFC BANK LTD,12737.0,8416.0,1810267.0,2298.0,2372486.0,913084.0,24001417.0,59734517.0,83484109.0,181308610.7951,35519761.0,335932408.80988,0.0,0.0,165288.0,1117936.55048,8874411.0,36667794.7705,6433664.0,32060548.17982001,50056.0,735077.8994700002,31589263.0,222109891.743,26.0,28.151,April
ICICI BANK LTD,10127.0,5276.0,2082898.0,6593.0,601341.0,3758897.0,18300074.0,31797792.0,18257444.0,102664157.90575977,64015460.0,248130610.96530744,33.0,2007.838,58963.0,306307.134,4974939.0,22874880.826620195,3123110.0,18052790.03698998,5169.0,110411.0127,13421281.0,103367461.014,2.0,1.261,April
IDBI BANK LTD,2412.0,700.0,13015.0,1364.0,0.0,414340.0,43090.0,12209447.0,83020.0,368845.9856,60837.0,279700.3582,0.0,0.0,535.0,3277.78024,1018966.0,2629193.9326100782,200073.0,611053.6551500303,0.0,0.0,4563181.0,24664835.99951,87.0,24.911,April
IDFC FIRST BANK LTD,731.0,306.0,40992.0,7472.0,0.0,157857.0,3633077.0,6582906.0,12249208.0,20699890.899,2474233.0,17196506.006,0.0,0.0,23187.0,116213.4,585145.0,2267522.21784,284257.0,3264149.13746,0.0,0.0,3147111.0,18347068.317,0.0,0.0,April
INDUSIND BANK LTD,2017.0,1019.0,195015.0,0.0,12354.0,7563774.0,3181308.0,11021249.0,4180888.0,29840541.323,9082453.0,59084625.723,0.0,0.0,23615.0,130252.507,620013.0,2000262.064,495590.0,2204164.39,844.0,61972.96486000001,3492515.0,21670391.822671,0.0,0.0,April
JAMMU AND KASHMIR BANK LTD,945.0,635.0,14474.0,1134.0,0.0,624950.0,128553.0,4907082.0,177359.0,1587673.08081,107434.0,396917.4434,0.0,0.0,10509.0,46432.903,648077.0,1776406.0493899998,877374.0,636427.25552,0.0,0.0,4854941.0,27030723.645,0.0,0.0,April
KARNATAKA BANK LTD,950.0,551.0,10910.0,0.0,0.0,127971.0,0.0,5581043.0,0.0,0.0,0.0,0.0,0.0,0.0,0.0,0.0,729698.0,1609991.08242,53317.0,176048.92687999998,0.0,0.0,3454691.0,17505464.769,0.0,0.0,April
KARUR VYSYA BANK LTD,1555.0,695.0,1434.0,0.0,0.0,45235.0,10450.0,5342579.0,23754.0,170899.99168,8549.0,126437.4514,0.0,0.0,465.0,3522.6,845721.0,2357673.722410001,132115.0,571982.4110899995,0.0,0.0,3729228.0,19352872.81409,0.0,0.0,April
KOTAK MAHINDRA BANK LTD,1963.0,1216.0,84402.0,0.0,153074.0,720367.0,4839468.0,35239467.0,11354256.0,23767675.18793,4166161.0,36685354.17641,0.0,0.0,21053.0,105964.00822,1795650.0,5029269.478,1572253.0,5113115.386,0.0,0.0,9276090.0,49610406.82194998,0.0,0.0,April
NAINITAL BANK LTD,0.0,0.0,0.0,0.0,0.0,0.0,0.0,299463.0,0.0,0.0,0.0,0.0,0.0,0.0,0.0,0.0,12353.0,25820.95364,3403.0,10188.177,0.0,0.0,60918.0,310283.2,0.0,0.0,April
RBL BANK LTD,378.0,37.0,2700214.0,0.0,1839.0,50135.0,4776130.0,1666544.0,4857388.0,26092658.69646,5275471.0,42098891.82002,0.0,0.0,26350.0,117024.28403,136437.0,451590.8403200001,77973.0,469469.88537999993,84.0,4242.163,469745.0,2665798.978,0.0,0.0,April
SOUTH INDIAN BANK,910.0,368.0,13977.0,0.0,37178.0,103385.0,374170.0,3952762.0,558013.0,2215698.56237,610018.0,3687437.52761,0.0,0.0,0.0,0.0,924114.0,2643101.12635,159541.0,723375.96126,0.0,0.0,2565961.0,13585251.527,0.0,0.0,April
TAMILNAD MERCANTILE BANK LTD,504.0,647.0,2355.0,0.0,0.0,184210.0,30270.0,2462409.0,40635.0,189875.32588,17207.0,105107.92371,0.0,0.0,1893.0,7407.7,295121.0,1042583.1152,26681.0,127771.55957,82.0,244.044,4434315.0,22020286.7,0.0,0.0,April
YES BANK LTD,1173.0,158.0,104383.0,83611.0,195980.0,511299129.0,2504148.0,5146663.0,10469962.0,18301890.01769,1120103.0,13926261.0757,0.0,0.0,10537.0,52263.6,460068.0,1456765.5291000018,125910.0,873307.9627499983,17.0,170.988,1889448.0,10838589.404,0.0,0.0,April
AMERICAN EXPRESS BANKING CORPORATION,0.0,0.0,15108.0,0.0,0.0,0.0,1424907.0,0.0,1653771.0,14225952.52,4168850.0,39865091.01,0.0,0.0,0.0,0.0,0.0,0.0,0.0,0.0,0.0,0.0,0.0,0.0,0.0,0.0,April
BANK OF AMERICA,0.0,0.0,0.0,0.0,0.0,0.0,0.0,0.0,0.0,0.0,0.0,0.0,0.0,0.0,0.0,0.0,0.0,0.0,0.0,0.0,0.0,0.0,0.0,0.0,0.0,0.0,April
BANK OF BAHRAIN & KUWAIT B.S.C.,0.0,0.0,0.0,0.0,0.0,0.0,0.0,965.0,0.0,0.0,0.0,0.0,0.0,0.0,0.0,0.0,939.0,3123.0337000000004,0.0,0.0,0.0,0.0,1293.0,6656.4,0.0,0.0,April
BARCLAYS BANK PLC,0.0,0.0,0.0,0.0,1.0,0.0,0.0,468.0,0.0,0.0,0.0,0.0,0.0,0.0,0.0,0.0,173.0,473.89091,0.0,0.0,0.0,0.0,491.0,4567.2,0.0,0.0,April
CITI BANK,0.0,0.0,0.0,0.0,0.0,0.0,237210.0,0.0,159029.0,980335.9563200072,295734.0,4712338.441989812,0.0,0.0,484.0,4014.3,0.0,0.0,0.0,0.0,0.0,0.0,0.0,0.0,0.0,0.0,April
DBS INDIA BANK LTD,419.0,336.0,659.0,90.0,0.0,8247.0,459588.0,1639710.0,438134.0,1976353.29531,283744.0,2254135.37782,0.0,0.0,1930.0,5907.4,169526.0,448793.425790001,78823.0,246977.33161,0.0,0.0,659434.0,3674012.836000799,0.0,0.0,April
DEUTSCHE BANK LTD,13.0,2.0,0.0,0.0,0.0,309.0,0.0,102198.0,0.0,0.0,0.0,0.0,0.0,0.0,0.0,0.0,22226.0,82113.84410000006,12548.0,54396.88529999965,0.0,0.0,25591.0,162375.0,0.0,0.0,April
DOHA BANK Q.P.S.C.,2.0,0.0,0.0,0.0,0.0,0.0,0.0,22990.0,0.0,0.0,0.0,0.0,0.0,0.0,0.0,0.0,625.0,2449.80207,148.0,597.2870600000001,0.0,0.0,1888.0,12065.7,0.0,0.0,April
HSBC LTD,46.0,25.0,0.0,0.0,0.0,0.0,894226.0,801910.0,1064522.0,4149044.476739988,1746713.0,15117522.941840846,0.0,0.0,3180.0,23533.53062,266578.0,1345903.6412599902,0.0,0.0,0.0,0.0,235613.0,1469942.1089799998,0.0,0.0,April
KEB HANA BANK,1.0,0.0,0.0,0.0,0.0,0.0,0.0,1697.0,0.0,0.0,0.0,0.0,0.0,0.0,0.0,0.0,1154.0,3973.206,117.0,472.727,0.0,0.0,373.0,2683.2,0.0,0.0,April
KOOKMIN BANK,0.0,0.0,0.0,0.0,0.0,0.0,0.0,549.0,0.0,0.0,0.0,0.0,0.0,0.0,0.0,0.0,669.0,1665.15792,243.0,848.74158,0.0,0.0,75.0,574.0,0.0,0.0,April
SBM BANK INDIA LTD,0.0,0.0,0.0,0.0,0.0,6.0,718373.0,839040.0,157783.0,207626.91083999988,329691.0,417801.0112699999,0.0,0.0,1682.0,5117.11251,7883.0,22013.76127,7547.0,28724.86955,0.0,0.0,20166.0,72170.04815,0.0,0.0,April
STANDARD CHARTERED BANK LTD,101.0,41.0,0.0,0.0,0.0,0.0,842831.0,929370.0,885580.0,3330710.9909000453,1006246.0,5513223.123550411,0.0,0.0,1700.0,11749.1,263692.0,1036135.6338299924,133440.0,520375.93832000415,26.0,575.166,497178.0,2771395.8162300014,0.0,0.0,April
WOORI BANK,0.0,0.0,0.0,0.0,0.0,0.0,0.0,1352.0,0.0,0.0,0.0,0.0,0.0,0.0,0.0,0.0,2142.0,8021.396440000002,877.0,2755.949469999999,0.0,0.0,584.0,4658.6,0.0,0.0,April
AIRTEL PAYMENTS BANK,0.0,0.0,0.0,149399.0,0.0,1216148.0,0.0,6296413.0,0.0,0.0,0.0,0.0,0.0,0.0,0.0,0.0,57327.0,36381.493440000006,39382.0,58195.87376,0.0,0.0,387913.0,1539019.80629,0.0,0.0,April
FINO PAYMENTS BANK,0.0,0.0,0.0,454327.0,0.0,11104.0,0.0,10498755.0,0.0,0.0,0.0,0.0,0.0,0.0,0.0,0.0,123761.0,262659.67287,6434.0,12738.81381,0.0,0.0,2044394.0,7234240.127,0.0,0.0,April
INDIA POST PAYMENTS BANK,0.0,0.0,0.0,194541.0,0.0,2454227.0,0.0,24875238.0,0.0,0.0,0.0,0.0,0.0,0.0,0.0,0.0,0.0,0.0,252238.0,92293.32431,0.0,0.0,0.0,0.0,0.0,0.0,April
JIO PAYMENTS BANK ,0.0,0.0,0.0,0.0,0.0,119589.0,0.0,622570.0,0.0,0.0,0.0,0.0,0.0,0.0,0.0,0.0,14166.0,18288.72775,21204.0,49126.57655,1819.0,913.75488,69371.0,313260.1,0.0,0.0,April
NSDL PAYMENTS BANK,0.0,0.0,0.0,302174.0,0.0,0.0,0.0,736461.0,0.0,0.0,0.0,0.0,0.0,0.0,0.0,0.0,14351.0,14431.92114,11008.0,17958.0612,0.0,0.0,368334.0,945531.32,0.0,0.0,April
PAYTM PAYMENTS BANK,0.0,0.0,0.0,0.0,0.0,0.0,0.0,30593306.0,0.0,0.0,0.0,0.0,0.0,0.0,0.0,0.0,122.0,60.99582,389.0,76.30521,0.0,0.0,49.0,200.0,0.0,0.0,April
AU SMALL FINANCE BANK LTD,671.0,6.0,0.0,849.0,0.0,345488.0,999736.0,8886059.0,902487.0,4538280.70949,2122003.0,4720156.321649999,183.0,82.167,2809.0,15184.6,171371.0,504261.9086399986,159855.0,676223.8922199722,148.0,1988.241,1305420.0,7110941.136,0.0,0.0,April
CAPITAL SMALL FINANCE BANK LTD,194.0,2.0,0.0,0.0,0.0,0.0,0.0,233162.0,0.0,0.0,0.0,0.0,0.0,0.0,0.0,0.0,22104.0,76679.46422,2556.0,15205.23,0.0,0.0,103214.0,602157.982,0.0,0.0,April
EQUITAS SMALL FINANCE BANK LTD,371.0,4.0,2952.0,336.0,59839.0,0.0,517.0,1319588.0,2182.0,7528.0461,754.0,7952.067210000001,0.0,0.0,21.0,89.8,96735.0,259644.26933,23100.0,116395.9228,0.0,0.0,1986919.0,5902540.544,0.0,0.0,April
ESAF SMALL FINANCE BANK LTD,702.0,3.0,0.0,4642.0,0.0,0.0,1306.0,5814383.0,1444.0,2974.359859999996,6966.0,5278.30888,0.0,0.0,7.0,21.0,136578.0,284891.04986,9128.0,30538.5363,0.0,0.0,714941.0,3501013.04,0.0,0.0,April
JANA SMALL FINANCE BANK LTD,58.0,3.0,0.0,173.0,0.0,507450.0,0.0,3876707.0,0.0,0.0,0.0,0.0,0.0,0.0,0.0,0.0,39773.0,100768.67723,6915.0,29635.53113,0.0,0.0,411257.0,1874975.20493,0.0,0.0,April
NORTH EAST SMALL FINANCE BANK LTD,15.0,1.0,0.0,0.0,0.0,0.0,0.0,919300.0,0.0,0.0,0.0,0.0,0.0,0.0,0.0,0.0,3924.0,6389.5485100000005,11609.0,64970.21283,0.0,0.0,207672.0,367585.1,310.0,510.89154,April
SHIVALIK SMALL FINANCE BANK LTD,0.0,0.0,0.0,0.0,0.0,0.0,0.0,69110.0,0.0,0.0,0.0,0.0,0.0,0.0,0.0,0.0,2502.0,6223.84908,2013.0,7289.87049,0.0,0.0,21712.0,115824.86,0.0,0.0,April
SURYODAY SMALL FINANCE BANK LTD,0.0,0.0,0.0,67.0,0.0,0.0,788.0,862049.0,69.0,442.41001,1075.0,1064.73096,0.0,0.0,1.0,2.5,7223.0,14789.227,977.0,4385.95,0.0,0.0,60245.0,275485.982,0.0,0.0,April
UJJIVAN SMALL FINANCE BANK LTD,609.0,4.0,0.0,0.0,0.0,557727.0,0.0,7045236.0,0.0,0.0,0.0,0.0,0.0,0.0,0.0,0.0,133828.0,313388.67622,31397.0,118076.51079,0.0,0.0,2896211.0,12006571.376,2.0,1.4,April
UNITY SMALL FINANCE BANK LTD,189.0,0.0,0.0,0.0,0.0,0.0,576.0,83188.0,253.0,2448.2548,416.0,6131.18322,0.0,0.0,0.0,0.0,7905.0,16360.945099999994,843.0,3193.461719999998,0.0,0.0,31489.0,141961.25,0.0,0.0,April
UTKARSH SMALL FINANCE BANK LTD,362.0,7.0,0.0,772.0,0.0,39809.0,116108.0,1701280.0,9354.0,12810.22741,35702.0,34330.44374999981,854223.0,154671.89317002284,305.0,372.3,25215.0,95982.40920999984,8314.0,42416.86306000005,4.0,57.99111,209545.0,1243324.358,0.0,0.0,April
BANK OF BARODA,8929.0,2460.0,55323.0,41494.0,24725.0,2782894.0,3065047.0,88702717.0,8125641.0,14854749.972,3558398.0,18777123.491,0.0,0.0,9861.0,51135.9,2838776.0,6625697.851899984,281390.0,2078816.262739975,9.0,19.501,22439381.0,111812546.144,10.0,11.2,August
BANK OF INDIA,5298.0,2505.0,18471.0,24330.0,0.0,1322455.0,85677.0,37382264.0,345713.0,966657.4361,72967.0,336319.60480000003,0.0,0.0,7459.0,39166.660520000005,2219664.0,4717811.38489,347293.0,828393.5669600001,0.0,0.0,15107622.0,63366444.493,2.0,0.535,August
BANK OF MAHARASHTRA,2304.0,247.0,159.0,6002.0,355014.0,950883.0,6184.0,13613866.0,12222.0,47665.176060000005,6354.0,27666.62229000001,0.0,0.0,135.0,585.0,975459.0,2204377.28475,159536.0,455572.05632,6235.0,65474.6631,5903029.0,28853271.3345,0.0,0.0,August
CANARA BANK,7276.0,3549.0,84600.0,10711.0,0.0,3671498.0,1082876.0,60944142.0,1112800.0,4380640.008359999,525371.0,3097694.36614,0.0,0.0,86714.0,500715.4,5284669.0,15266455.20941,793750.0,4227453.20004,4615.0,87266.709,28819330.0,142212767.884,4.0,2.76,August
CENTRAL BANK OF INDIA,2930.0,1205.0,3283.0,2666.0,38138.0,2033444.0,0.0,29448349.0,0.0,0.0,0.0,0.0,0.0,0.0,0.0,0.0,1118826.0,2978636.461,171929.0,661407.081,0.0,0.0,7785914.0,36717265.667,9.0,83.564,August
INDIAN BANK,4911.0,639.0,20199.0,15396.0,0.0,2618589.0,275996.0,34028772.0,192867.0,866240.75556,137212.0,1005009.621,0.0,0.0,3857.0,31289.633,2756636.0,6922972.67466,431453.0,1117931.811,131.0,405.566,18473179.0,91875955.86838998,6.0,3.9,August
INDIAN OVERSEAS BANK,2818.0,724.0,0.0,11318.0,0.0,496027.0,90752.0,19738512.0,243801.0,508239.66983,51266.0,160870.08784,0.0,0.0,4493.0,22459.4,2176059.0,5174284.49094,229669.0,667448.13245,0.0,0.0,11631696.0,52549691.93443,0.0,0.0,August
PUNJAB AND SIND BANK,1042.0,35.0,1098.0,1900.0,1248.0,199295.0,0.0,3681695.0,0.0,0.0,0.0,0.0,0.0,0.0,0.0,0.0,62940.0,208595.15347,160268.0,401569.94806,0.0,0.0,1138898.0,5520430.0,0.0,0.0,August
PUNJAB NATIONAL BANK,7318.0,3883.0,24424.0,0.0,776798.0,1300487.0,647793.0,41766735.0,355319.0,1588794.97177,285615.0,1697629.75532,3.0,154.53802,6229.0,19851.225,3521003.0,9007460.61401,888473.0,2476008.64174,0.0,0.0,22863974.0,115733899.31388,0.0,0.0,August
STATE BANK OF INDIA,27590.0,34240.0,1604537.0,52081.0,1020401.0,5576576.0,21329125.0,245707805.0,25791742.0,115697824.83768,61343533.0,214934744.1922402,0.0,0.0,122110.0,525459.57351,27997635.0,72769424.8935,6409813.0,21302913.2215,698.0,9724.186,150444517.0,817558266.137,9567.0,8387.20772,August
UCO BANK,2380.0,216.0,10707.0,3568.0,151.0,1393401.0,0.0,13250348.0,0.0,0.0,0.0,0.0,0.0,0.0,0.0,0.0,796190.0,2066694.80612,215080.0,612597.52961,878.0,14726.993170000002,6243411.0,29867497.20404,26.0,19.256,August
UNION BANK OF INDIA,7699.0,1196.0,52215.0,8095.0,364365.0,290864.0,476297.0,56997043.0,516303.0,2243224.406,1865614.0,3276363.373,0.0,0.0,8731.0,38403.057,3887709.0,9142561.57698,1031720.0,2685757.26947,2145.0,8678.335,41658559.0,122782493.341,14.0,3.55,August
AXIS BANK LTD,6489.0,6786.0,2465861.0,369.0,715788.0,110520315.0,15317835.0,41342554.0,43922360.0,101737448.0364802,27810044.0,115874348.71221986,0.0,0.0,71332.0,379881.93982,3916025.0,14234874.578829989,1745494.0,10829054.472010002,10267.0,268014.865,15941311.0,106533477.759,0.0,0.0,August
BANDHAN BANK LTD,417.0,5.0,70470.0,0.0,36047.0,0.0,6.0,6490790.0,0.0,0.0,0.0,0.0,0.0,0.0,0.0,0.0,194792.0,660853.8916,45401.0,224959.20292,0.0,0.0,2072633.0,11240459.824,4.0,2.9,August
CITY UNION BANK LTD.,1255.0,516.0,7346.0,69387.0,0.0,66207.0,44326.0,3264836.0,49415.0,210132.7803500026,23095.0,231375.12926000016,0.0,0.0,184.0,954.8,449333.0,1336039.8073600002,41131.0,116130.41295,0.0,0.0,2254889.0,13630760.51017,0.0,0.0,August
CSB BANK LTD.,772.0,38.0,0.0,0.0,18956.0,0.0,168506.0,950728.0,249717.0,655377.70846,1847842.0,1693100.05493,0.0,0.0,0.0,0.0,124314.0,337134.06865,8186.0,34221.688729999994,0.0,0.0,375455.0,2028403.9,0.0,0.0,August
DCB BANK LTD,436.0,5.0,0.0,0.0,0.0,0.0,813.0,1080348.0,1463.0,7454.43426,1012.0,5929.646780000009,0.0,0.0,35.0,243.6,75131.0,226798.7018,49954.0,199824.64327,181.0,6161.943,221305.0,1445431.782,0.0,0.0,August
DHANALAXMI BANK LTD,242.0,38.0,1556.0,0.0,0.0,40423.0,14205.0,604978.0,28502.0,74149.26064000001,7645.0,33768.41443,0.0,0.0,316.0,1025.5,124332.0,282285.7902199999,4439.0,11898.245439999995,0.0,0.0,404583.0,1849876.12213,0.0,0.0,August
FEDERAL BANK LTD,1791.0,294.0,22434.0,0.0,0.0,6120641.0,1505570.0,14569675.0,3386520.0,8508294.958,1935032.0,10872652.31584,0.0,0.0,5601.0,27135.225,2725116.0,8547716.155,1100165.0,4496189.593,3113.0,43538.30524,7150468.0,38990965.975,0.0,0.0,August
HDFC BANK LTD,12878.0,8517.0,1695572.0,2026.0,2231704.0,945987.0,25026293.0,61135406.0,93489590.0,215721466.73516,38971855.0,323009012.28501,0.0,0.0,158775.0,1069607.19835,8536880.0,34907802.37488001,6043921.0,34282737.61339,43368.0,782203.5058800001,31838734.0,221614970.006,21.0,16.51,August
ICICI BANK LTD,8953.0,2892.0,2212426.0,6235.0,604512.0,3838389.0,18179261.0,31489809.0,18341341.0,100997902.24835972,68446324.0,243926495.0909575,41.0,2586.385,54104.0,280295.592,4795610.0,22293209.988980133,3056417.0,20230195.773160003,3735.0,84315.296,13233821.0,100316469.318,0.0,0.0,August
IDBI BANK LTD,2327.0,653.0,13733.0,1377.0,0.0,397226.0,45055.0,12017339.0,78769.0,351889.2393,72074.0,312244.1841,0.0,0.0,528.0,3268.13996,962905.0,2332988.622140025,185102.0,566735.4984900046,0.0,0.0,4505419.0,23598995.93,115.0,37.749,August
IDFC FIRST BANK LTD,751.0,226.0,39265.0,7276.0,0.0,192118.0,3957195.0,6859090.0,14359217.0,23488394.778,2758101.0,19177476.772,0.0,0.0,22250.0,115001.4,614835.0,2400332.17786,325309.0,4110802.85814,0.0,0.0,3047757.0,17559698.583,0.0,0.0,August
INDUSIND BANK LTD,2050.0,1006.0,198055.0,0.0,12242.0,7857211.0,3186869.0,11269018.0,4003192.0,31721807.243,9320709.0,62010298.527,0.0,0.0,20692.0,112743.91,576702.0,1787084.713,455640.0,2272992.959,854.0,63607.76139,3626807.0,20565646.891576,0.0,0.0,August
JAMMU AND KASHMIR BANK LTD,951.0,635.0,14137.0,1336.0,0.0,639532.0,135877.0,5034937.0,181497.0,1640633.9345900002,100284.0,429857.8173300001,0.0,0.0,11281.0,49982.71185,635656.0,1535389.67207,570451.0,545709.0622899999,0.0,0.0,4641231.0,24710625.403,0.0,0.0,August
KARNATAKA BANK LTD,955.0,538.0,9622.0,0.0,0.0,135257.0,0.0,5655829.0,0.0,0.0,0.0,0.0,0.0,0.0,0.0,0.0,633520.0,1322329.53507,44415.0,147804.07678,0.0,0.0,3393727.0,16825628.592,0.0,0.0,August
KARUR VYSYA BANK LTD,1546.0,669.0,979.0,0.0,0.0,46192.0,10084.0,5533197.0,23328.0,164285.29901,8546.0,130143.62018,0.0,0.0,373.0,2841.7,823729.0,2212378.85578,122868.0,532801.0468599991,0.0,0.0,3736358.0,19596372.15934,0.0,0.0,August
KOTAK MAHINDRA BANK LTD,1986.0,804.0,78269.0,0.0,158977.0,728611.0,4588479.0,36523624.0,12843404.0,24413025.22627,4105661.0,31902094.683,0.0,0.0,23439.0,119183.79724,1695960.0,4604691.163,1559755.0,5193225.395,0.0,0.0,9159619.0,48675748.57462999,0.0,0.0,August
NAINITAL BANK LTD,0.0,0.0,0.0,0.0,0.0,0.0,0.0,314617.0,0.0,0.0,0.0,0.0,0.0,0.0,0.0,0.0,11850.0,24027.91629,3184.0,10484.23045,0.0,0.0,60453.0,296552.2,0.0,0.0,August
RBL BANK LTD,378.0,37.0,3128462.0,0.0,1596.0,52020.0,4541171.0,1638324.0,4712034.0,25214793.06058,5813341.0,45595049.23945,0.0,0.0,31708.0,158283.5555,119222.0,394179.73945000005,69066.0,422623.34985,60.0,3476.572,420852.0,2356204.92,0.0,0.0,August
SOUTH INDIAN BANK,910.0,362.0,13506.0,0.0,34996.0,107478.0,364606.0,4050100.0,516886.0,2084054.82351,604352.0,3909542.13458,0.0,0.0,0.0,0.0,950664.0,2865401.3711,158950.0,842838.72235,0.0,0.0,2600060.0,13831580.7,0.0,0.0,August
TAMILNAD MERCANTILE BANK LTD,505.0,647.0,2131.0,0.0,0.0,193400.0,26035.0,2535151.0,42326.0,197565.40046,17880.0,106385.11302,0.0,0.0,1807.0,7521.9,290616.0,1066814.3850399998,26287.0,150944.11904,82.0,231.788,4340232.0,22058362.0,0.0,0.0,August
YES BANK LTD,1180.0,136.0,97841.0,75767.0,116468.0,537653130.0,2609787.0,5350499.0,11909494.0,19784678.322260004,1312191.0,15489678.652640002,0.0,0.0,8730.0,45121.5,425537.0,1321638.9141199875,124467.0,758221.6964399926,15.0,179.382,1760898.0,10231289.554,0.0,0.0,August
AMERICAN EXPRESS BANKING CORPORATION,0.0,0.0,14735.0,0.0,0.0,0.0,1365954.0,0.0,1633251.0,14352583.967,4118607.0,37626956.248,0.0,0.0,0.0,0.0,0.0,0.0,0.0,0.0,0.0,0.0,0.0,0.0,0.0,0.0,August
BANK OF AMERICA,0.0,0.0,0.0,0.0,0.0,0.0,0.0,0.0,0.0,0.0,0.0,0.0,0.0,0.0,0.0,0.0,0.0,0.0,0.0,0.0,0.0,0.0,0.0,0.0,0.0,0.0,August
BANK OF BAHRAIN & KUWAIT B.S.C.,0.0,0.0,0.0,0.0,0.0,0.0,0.0,1101.0,0.0,0.0,0.0,0.0,0.0,0.0,0.0,0.0,1003.0,3331.59589,0.0,0.0,0.0,0.0,1376.0,7435.9,0.0,0.0,August
BARCLAYS BANK PLC,0.0,0.0,0.0,0.0,1.0,0.0,0.0,496.0,0.0,0.0,0.0,0.0,0.0,0.0,0.0,0.0,130.0,213.14521,0.0,0.0,0.0,0.0,501.0,4653.5,0.0,0.0,August
CITI BANK,0.0,0.0,0.0,0.0,0.0,0.0,249131.0,0.0,157689.0,1019530.072800011,301177.0,3575868.7474295213,0.0,0.0,396.0,3255.6,0.0,0.0,0.0,0.0,0.0,0.0,0.0,0.0,0.0,0.0,August
DBS INDIA BANK LTD,413.0,330.0,661.0,87.0,0.0,8688.0,419327.0,1645943.0,404574.0,1821847.53341,279663.0,2438667.4977,0.0,0.0,1523.0,4779.5,164037.0,443285.5591399982,80384.0,238440.8927999998,0.0,0.0,646989.0,3743322.735990039,0.0,0.0,August
DEUTSCHE BANK LTD,12.0,3.0,0.0,0.0,0.0,297.0,0.0,101829.0,0.0,0.0,0.0,0.0,0.0,0.0,0.0,0.0,20290.0,78523.20509999999,14530.0,52126.52961,0.0,0.0,24778.0,156976.8,0.0,0.0,August
DOHA BANK Q.P.S.C.,2.0,0.0,0.0,0.0,0.0,0.0,0.0,23158.0,0.0,0.0,0.0,0.0,0.0,0.0,0.0,0.0,1217.0,4221.34601,299.0,1043.58956,0.0,0.0,2057.0,13234.8,0.0,0.0,August
HSBC LTD,46.0,25.0,0.0,0.0,0.0,0.0,964227.0,845034.0,1167950.0,4514068.959790052,2088292.0,10198341.120160015,0.0,0.0,2695.0,19366.46032000001,290132.0,1491579.85991,0.0,0.0,0.0,0.0,252451.0,1574206.32959,0.0,0.0,August
KEB HANA BANK,1.0,0.0,0.0,0.0,0.0,0.0,0.0,1768.0,0.0,0.0,0.0,0.0,0.0,0.0,0.0,0.0,1089.0,3598.275,100.0,544.723,0.0,0.0,187.0,1168.1,0.0,0.0,August
KOOKMIN BANK,0.0,0.0,0.0,0.0,0.0,0.0,0.0,575.0,0.0,0.0,0.0,0.0,0.0,0.0,0.0,0.0,481.0,1531.75429,153.0,341.98099,0.0,0.0,75.0,564.7,0.0,0.0,August
SBM BANK INDIA LTD,0.0,0.0,0.0,0.0,0.0,58.0,732720.0,838926.0,147319.0,198953.59077999985,327896.0,434561.8851599997,0.0,0.0,1421.0,3880.46252,8841.0,25554.44164,8487.0,37117.026450000005,0.0,0.0,28330.0,97386.30256,0.0,0.0,August
STANDARD CHARTERED BANK LTD,101.0,38.0,0.0,0.0,0.0,0.0,786737.0,848080.0,822416.0,3094061.017490022,997623.0,5472918.060200023,0.0,0.0,1371.0,9500.225,230556.0,914170.8970699942,118788.0,495015.4905500036,25.0,777.008,435562.0,2518380.86155,0.0,0.0,August
WOORI BANK,0.0,0.0,0.0,0.0,0.0,0.0,0.0,1427.0,0.0,0.0,0.0,0.0,0.0,0.0,0.0,0.0,1824.0,6321.055550000005,747.0,1785.3211799999997,0.0,0.0,556.0,4157.0,0.0,0.0,August
AIRTEL PAYMENTS BANK,0.0,0.0,0.0,154883.0,0.0,1173594.0,0.0,7622032.0,0.0,0.0,0.0,0.0,0.0,0.0,0.0,0.0,535119.0,35649.80861,37715.0,54881.45237,0.0,0.0,527053.0,1957213.17939,0.0,0.0,August
FINO PAYMENTS BANK,0.0,0.0,0.0,461599.0,0.0,11052.0,0.0,10786644.0,0.0,0.0,0.0,0.0,0.0,0.0,0.0,0.0,125637.0,260743.78768,2218.0,5919.860809999999,0.0,0.0,2235674.0,7389156.949,0.0,0.0,August
INDIA POST PAYMENTS BANK,0.0,0.0,0.0,196757.0,0.0,2772468.0,0.0,28026190.0,0.0,0.0,0.0,0.0,0.0,0.0,0.0,0.0,0.0,0.0,225881.0,348684.33262,0.0,0.0,0.0,0.0,0.0,0.0,August
JIO PAYMENTS BANK ,0.0,0.0,0.0,0.0,0.0,140658.0,0.0,1262817.0,0.0,0.0,0.0,0.0,0.0,0.0,0.0,0.0,15711.0,29134.56664,23142.0,112284.8786,2324.0,1424.36609,115466.0,597185.62,0.0,0.0,August
NSDL PAYMENTS BANK,0.0,0.0,0.0,309517.0,0.0,0.0,0.0,977733.0,0.0,0.0,0.0,0.0,0.0,0.0,0.0,0.0,17496.0,25683.54685,14094.0,34691.032530000004,0.0,0.0,495026.0,1346366.4,0.0,0.0,August
PAYTM PAYMENTS BANK,0.0,0.0,0.0,0.0,0.0,0.0,0.0,30584604.0,0.0,0.0,0.0,0.0,0.0,0.0,0.0,0.0,60.0,13.96414,268.0,14.38127,0.0,0.0,44.0,71.1,0.0,0.0,August
AU SMALL FINANCE BANK LTD,695.0,6.0,0.0,857.0,0.0,353897.0,968886.0,8784455.0,840147.0,4229143.35652,2377541.0,5776838.776959999,177.0,145.723,2192.0,11568.8,165858.0,448379.175519999,166415.0,678388.8383099712,137.0,1673.518,1363253.0,7025322.957,0.0,0.0,August
CAPITAL SMALL FINANCE BANK LTD,194.0,2.0,0.0,0.0,0.0,0.0,0.0,244497.0,0.0,0.0,0.0,0.0,0.0,0.0,0.0,0.0,22442.0,60618.79367,2062.0,14467.86381,0.0,0.0,106543.0,601491.2,0.0,0.0,August
EQUITAS SMALL FINANCE BANK LTD,377.0,4.0,2536.0,336.0,60955.0,0.0,2734.0,1251581.0,12311.0,42125.02664999996,3029.0,36429.06305000001,0.0,0.0,124.0,832.3,87692.0,217578.44791,19419.0,110339.89457,0.0,0.0,1992398.0,5518494.389,0.0,0.0,August
ESAF SMALL FINANCE BANK LTD,716.0,2.0,0.0,5034.0,0.0,0.0,3502.0,5666580.0,2624.0,5568.499720000005,20875.0,16359.079910000011,0.0,0.0,13.0,22.5,129354.0,288774.40690000006,7682.0,30396.41161,0.0,0.0,728893.0,3662892.358,1.0,0.2,August
JANA SMALL FINANCE BANK LTD,58.0,3.0,0.0,173.0,0.0,511590.0,0.0,4066277.0,0.0,0.0,0.0,0.0,0.0,0.0,0.0,0.0,42394.0,96996.61816,6597.0,26627.646920000003,0.0,0.0,501956.0,1874252.09113,0.0,0.0,August
SLICE SMALL FINANCE BANK LTD,18.0,1.0,0.0,0.0,0.0,0.0,1764.0,2086500.0,110793.0,63444.84053,24386.0,49613.10393,0.0,0.0,0.0,0.0,6770.0,13218.56202,16609.0,89231.67229999999,0.0,0.0,106603.0,379617.6,358.0,1587.2900900000002,August
SHIVALIK SMALL FINANCE BANK LTD,0.0,0.0,0.0,0.0,0.0,0.0,0.0,33828.0,0.0,0.0,0.0,0.0,0.0,0.0,0.0,0.0,2593.0,7065.09717,1594.0,8509.47298,0.0,0.0,21803.0,115888.181,0.0,0.0,August
SURYODAY SMALL FINANCE BANK LTD,0.0,0.0,0.0,67.0,0.0,0.0,3962.0,897804.0,1624.0,6585.99883,3023.0,12332.87276,0.0,0.0,0.0,0.0,7389.0,14621.279,1761.0,10521.548,0.0,0.0,72987.0,325755.308,0.0,0.0,August
UJJIVAN SMALL FINANCE BANK LTD,609.0,4.0,0.0,0.0,0.0,563378.0,0.0,6622751.0,0.0,0.0,0.0,0.0,0.0,0.0,0.0,0.0,134807.0,292188.21245,26987.0,110850.69103,0.0,0.0,2986073.0,12050516.791,0.0,0.0,August
UNITY SMALL FINANCE BANK LTD,193.0,0.0,0.0,0.0,0.0,0.0,29227.0,103229.0,12504.0,42511.75986,20460.0,95221.23280000006,0.0,0.0,164.0,400.2,8309.0,23076.59136,1233.0,5923.87622,0.0,0.0,38378.0,183415.275,0.0,0.0,August
UTKARSH SMALL FINANCE BANK LTD,195.0,1.0,0.0,778.0,0.0,41001.0,185701.0,1743494.0,13877.0,15415.10739,53771.0,53993.43277,1795752.0,351900.9205,520.0,611.9,19952.0,63158.31271000012,3781.0,28617.066550000043,0.0,0.0,155575.0,874334.89622,0.0,0.0,August
BANK OF BARODA,9076.0,2500.0,56108.0,41670.0,27111.0,3188167.0,3094647.0,87832114.0,9378277.0,17591115.65473,3888640.0,17739447.51791,0.0,0.0,11745.0,63254.9,2854279.0,7503349.906100001,352833.0,2237329.287310001,15.0,32.782,21796745.0,115085977.023,0.0,0.0,January
BANK OF INDIA,5212.0,2483.0,19166.0,25239.0,0.0,1425985.0,104600.0,37855990.0,112703.0,547799.55826,359919.0,711974.51978,0.0,0.0,6853.0,39936.21551,1805814.0,4391204.257,279795.0,863198.017,0.0,0.0,13926238.0,62064394.31,1.0,1.2,January
BANK OF MAHARASHTRA,2386.0,251.0,360.0,6924.0,355014.0,961801.0,0.0,13511900.0,0.0,0.0,0.0,0.0,0.0,0.0,0.0,0.0,892547.0,2197375.1969,115265.0,414585.25181,6204.0,63370.62165,5840090.0,30656068.55726,0.0,0.0,January
CANARA BANK,7405.0,3299.0,92340.0,12321.0,0.0,3930246.0,1088841.0,60664416.0,1107144.0,4708806.16149,548812.0,3111372.76258,0.0,0.0,82000.0,483120.4,4926842.0,16333042.95794,808669.0,3947944.88511,4891.0,97508.14,27775423.0,143948940.298,1.0,0.001,January
CENTRAL BANK OF INDIA,2944.0,1166.0,3527.0,2882.0,38138.0,2304922.0,0.0,30399490.0,0.0,0.0,0.0,0.0,0.0,0.0,0.0,0.0,945236.0,2901907.193,140415.0,595388.472,0.0,0.0,7182009.0,35618023.218,23.0,261.59,January
INDIAN BANK,4990.0,645.0,25363.0,16462.0,0.0,2629994.0,268740.0,35534522.0,174715.0,858888.48677,138266.0,935647.49653,0.0,0.0,3785.0,31416.141,2422326.0,6770528.205639999,313526.0,905901.13,217.0,498.153,16819328.0,87334054.92377,3.0,2.2,January
INDIAN OVERSEAS BANK,2893.0,733.0,0.0,11996.0,0.0,560850.0,124485.0,21320454.0,404114.0,798265.6159000001,52875.0,198961.96934000004,0.0,0.0,5941.0,30604.0,1954694.0,5113813.93793,173362.0,546465.38111,0.0,0.0,11022678.0,51993571.75267,0.0,0.0,January
PUNJAB AND SIND BANK,1101.0,39.0,1239.0,2067.0,1399.0,221180.0,0.0,3711895.0,0.0,0.0,0.0,0.0,0.0,0.0,0.0,0.0,40502.0,150352.392,185038.0,525949.18,0.0,0.0,1216879.0,6374391.0,0.0,0.0,January
PUNJAB NATIONAL BANK,7305.0,3815.0,25349.0,0.0,227832.0,1485141.0,726213.0,40259361.0,372064.0,1759449.61308,323108.0,1689786.55414,3.0,252.0,5578.0,18737.7,3213844.0,9303913.66438,652553.0,2010470.35138,0.0,0.0,21434009.0,114242125.4,0.0,0.0,January
STATE BANK OF INDIA,28745.0,34468.0,1756652.0,53728.0,1046469.0,5872806.0,21901688.0,250709409.0,25642385.0,139212595.335,71196839.0,241052366.218,0.0,0.0,123385.0,550730.944,25569874.0,71585342.83026999,5463014.0,19749060.05541,533.0,7783.608230000001,146668128.0,836814324.07492,9479.0,8376.8399,January
UCO BANK,2396.0,217.0,10250.0,3568.0,140.0,1462440.0,0.0,14120965.0,0.0,0.0,0.0,0.0,0.0,0.0,0.0,0.0,720611.0,2137275.67744,169809.0,532224.59034,910.0,16570.6257,6093499.0,31055305.78129,18.0,9.6,January
UNION BANK OF INDIA,7841.0,641.0,42380.0,8059.0,403424.0,294598.0,498049.0,56026817.0,532479.0,2417161.24838,2207370.0,3693565.90016,0.0,0.0,8529.0,39518.12815,3406151.0,8859564.23081,683839.0,2170399.48962,1964.0,8053.63176,42795616.0,119738202.235,2.0,0.641,January
AXIS BANK LTD,6720.0,6136.0,2548891.0,0.0,527513.0,120138987.0,15737142.0,43087528.0,47265797.0,108493374.81253032,28802562.0,117015237.20542996,0.0,0.0,70099.0,396206.97493,3429744.0,15162448.421309996,1601609.0,10422676.471119994,10196.0,270221.383,14831845.0,104274800.192,0.0,0.0,January
BANDHAN BANK LTD,429.0,5.0,72502.0,0.0,44162.0,0.0,11056.0,6639897.0,45607.0,53284.29041999997,2539.0,14119.92316,362.0,2027.1507,354.0,1795.3,168905.0,656909.24489,51845.0,239850.0002300001,0.0,0.0,1914739.0,11389704.818,7.0,3.5,January
CITY UNION BANK LTD.,1228.0,487.0,6677.0,23617.0,0.0,72752.0,54904.0,3355871.0,56426.0,300628.54702,25369.0,288517.936,0.0,0.0,221.0,1391.383,385508.0,1373695.4254199998,31913.0,99022.07556,0.0,0.0,1950583.0,12151597.74844,0.0,0.0,January
CSB BANK LTD.,784.0,37.0,0.0,0.0,20174.0,0.0,190761.0,971693.0,245166.0,658873.19373,2073942.0,1907641.28535,0.0,0.0,0.0,0.0,105123.0,311972.96738,7255.0,50191.99801,0.0,0.0,361115.0,2054817.7,0.0,0.0,January
DCB BANK LTD,438.0,5.0,0.0,0.0,0.0,0.0,9708.0,1296695.0,4040.0,14563.214269999988,5718.0,22991.676100000022,0.0,0.0,89.0,667.8548000000001,77634.0,262516.62823,50585.0,220083.35587,216.0,8079.85,234563.0,1633926.665,0.0,0.0,January
DHANALAXMI BANK LTD,243.0,39.0,1657.0,0.0,0.0,42662.0,11902.0,622460.0,28253.0,76204.21501999999,7999.0,35266.93039,1.0,11.683,308.0,1007.2,108186.0,245549.99248,3701.0,11320.91627,0.0,0.0,383981.0,1792656.9285499998,0.0,0.0,January
FEDERAL BANK LTD,1811.0,287.0,25946.0,300.0,0.0,6316254.0,2051527.0,14860676.0,3949620.0,10214218.24611,5374971.0,14299486.64897,0.0,0.0,6083.0,30419.25251,2281460.0,7850690.811229999,961259.0,4196229.1944,3306.0,50827.50363,6824326.0,38343216.394,0.0,0.0,January
HDFC BANK LTD,13024.0,8153.0,1766206.0,1770.0,2207866.0,1121250.0,26108701.0,62688833.0,101049531.0,208614790.06908,41259168.0,356568122.31138,0.0,0.0,182997.0,1236468.64798,7672496.0,39513338.751,5603614.0,36164618.339880005,44141.0,939219.43158,29925452.0,222573371.059,18.0,17.1,January
ICICI BANK LTD,9417.0,2575.0,2278610.0,6278.0,556231.0,3806454.0,18772905.0,32006234.0,17456544.0,104333598.6079902,74630139.0,247452392.161878,111.0,11660.7,52635.0,287757.282,4207767.0,24773184.48782011,2758876.0,19824687.7356198,3840.0,97503.374,11527762.0,97428029.589,0.0,0.0,January
IDBI BANK LTD,2414.0,619.0,13747.0,2204.0,0.0,520724.0,46674.0,11209678.0,79423.0,389793.14827,78203.0,344109.27558,0.0,0.0,518.0,3041.20913,812094.0,2193519.765889981,150577.0,547665.0187599943,0.0,0.0,4120417.0,22789169.201,172.0,51.531,January
IDFC FIRST BANK LTD,789.0,204.0,37654.0,6928.0,0.0,234210.0,4400349.0,6901760.0,16301655.0,26833635.058,2917169.0,20557984.215,0.0,0.0,22782.0,121962.1,538202.0,2369173.3139,317580.0,2358279.41519,0.0,0.0,2807339.0,17265739.217,0.0,0.0,January
INDUSIND BANK LTD,2066.0,951.0,109071.0,0.0,12192.0,6802712.0,3068120.0,11871939.0,2647884.0,17063418.963,10292436.0,34027914.636,0.0,0.0,18157.0,98763.784,497685.0,1881490.041,412276.0,2130808.108,871.0,78736.505,4381156.0,18612721.3182,0.0,0.0,January
JAMMU AND KASHMIR BANK LTD,964.0,643.0,14069.0,1360.0,0.0,644463.0,140893.0,5226068.0,300328.0,1733978.9394700003,93393.0,414677.32095,0.0,0.0,10232.0,46818.69807,554733.0,1544336.64934,385455.0,438755.4769199999,0.0,0.0,4268424.0,23422324.165,0.0,0.0,January
KARNATAKA BANK LTD,966.0,505.0,8931.0,0.0,0.0,141218.0,0.0,5601661.0,0.0,0.0,0.0,0.0,0.0,0.0,0.0,0.0,561875.0,1291554.31006,38703.0,143509.61575,0.0,0.0,3158420.0,16607194.857,0.0,0.0,January
KARUR VYSYA BANK LTD,1590.0,625.0,6497.0,0.0,0.0,47225.0,9689.0,5489097.0,21083.0,143766.61406999998,7900.0,112745.25986,0.0,0.0,467.0,3848.0,709324.0,2059755.9045499987,92773.0,478161.2776999996,0.0,0.0,3304208.0,18107440.54124,0.0,0.0,January
KOTAK MAHINDRA BANK LTD,2019.0,730.0,83117.0,0.0,179761.0,804432.0,4593527.0,36397542.0,14661000.0,28044394.84767,4034899.0,32303957.97255,0.0,0.0,28115.0,150895.65944,1690671.0,5555853.372,1740487.0,6606961.524,0.0,0.0,8813204.0,50443392.03626,0.0,0.0,January
NAINITAL BANK LTD,0.0,0.0,0.0,0.0,0.0,0.0,0.0,332527.0,0.0,0.0,0.0,0.0,0.0,0.0,0.0,0.0,10144.0,22282.54,3037.0,10230.012,0.0,0.0,56033.0,294268.6,0.0,0.0,January
RBL BANK LTD,381.0,32.0,2382678.0,0.0,1595.0,53447.0,4583137.0,1675644.0,4491299.0,26043427.08205,6429047.0,45520230.03633,0.0,0.0,32753.0,179418.43308000002,106304.0,399598.21389,64014.0,447211.2563399999,57.0,2679.277,373016.0,2164191.44,0.0,0.0,January
SOUTH INDIAN BANK,911.0,358.0,13713.0,0.0,34785.0,112985.0,351301.0,4145192.0,459674.0,2049721.69551,620471.0,3358330.8362,0.0,0.0,0.0,0.0,814085.0,2694016.658,144357.0,837450.23185,0.0,0.0,2457518.0,13513316.092,0.0,0.0,January
TAMILNAD MERCANTILE BANK LTD,509.0,644.0,1022.0,0.0,0.0,199708.0,17931.0,2594069.0,39300.0,185601.58285000004,14110.0,94146.11706,0.0,0.0,1799.0,7634.03951,254254.0,1167380.5372,21878.0,161253.1424,59.0,209.501,3822013.0,20835463.7,0.0,0.0,January
YES BANK LTD,1234.0,124.0,106385.0,77973.0,112710.0,567117109.0,2808072.0,5420790.0,14205324.0,23681756.25959,1730709.0,15775057.757189998,0.0,0.0,9539.0,51828.794,388736.0,1533232.88277,87219.0,664274.266719996,20.0,138.612,1614501.0,10296731.087,0.0,0.0,January
AMERICAN EXPRESS BANKING CORPORATION,0.0,0.0,11273.0,0.0,0.0,0.0,1334477.0,0.0,1737835.0,17076575.243,4260512.0,41034569.792,0.0,0.0,0.0,0.0,0.0,0.0,0.0,0.0,0.0,0.0,0.0,0.0,0.0,0.0,January
BANK OF AMERICA,0.0,0.0,0.0,0.0,0.0,0.0,0.0,0.0,0.0,0.0,0.0,0.0,0.0,0.0,0.0,0.0,0.0,0.0,0.0,0.0,0.0,0.0,0.0,0.0,0.0,0.0,January
BANK OF BAHRAIN & KUWAIT B.S.C.,0.0,0.0,0.0,0.0,0.0,0.0,0.0,1144.0,0.0,0.0,0.0,0.0,0.0,0.0,0.0,0.0,715.0,27443.576,0.0,0.0,0.0,0.0,1302.0,6595.0,0.0,0.0,January
BARCLAYS BANK PLC,0.0,0.0,0.0,0.0,1.0,0.0,0.0,510.0,0.0,0.0,0.0,0.0,0.0,0.0,0.0,0.0,54.0,342.93842,0.0,0.0,0.0,0.0,528.0,4893.3,0.0,0.0,January
CITI BANK,0.0,0.0,0.0,0.0,0.0,0.0,269142.0,0.0,144339.0,885749.116259999,310430.0,3896478.073279475,0.0,0.0,505.0,4071.3,0.0,0.0,0.0,0.0,0.0,0.0,0.0,0.0,0.0,0.0,January
DBS INDIA BANK LTD,413.0,317.0,659.0,84.0,0.0,9079.0,325500.0,1614390.0,355594.0,1720272.06921,263809.0,2154935.459,0.0,0.0,1184.0,3737.2,132229.0,467269.7163299988,55620.0,289880.00039,0.0,0.0,583674.0,3681336.98000003,0.0,0.0,January
DEUTSCHE BANK LTD,12.0,3.0,0.0,0.0,0.0,285.0,0.0,98286.0,0.0,0.0,0.0,0.0,0.0,0.0,0.0,0.0,18264.0,73684.51750999983,16246.0,52141.39107000004,0.0,0.0,21509.0,139838.9,0.0,0.0,January
DOHA BANK Q.P.S.C.,2.0,0.0,0.0,0.0,0.0,0.0,0.0,23534.0,0.0,0.0,0.0,0.0,0.0,0.0,0.0,0.0,694.0,2947.62404,157.0,505.6376,0.0,0.0,1562.0,10634.9,0.0,0.0,January
HSBC LTD,50.0,25.0,0.0,0.0,0.0,0.0,960626.0,913859.0,1134031.0,4955574.608939941,2768055.0,10813412.749559866,0.0,0.0,2584.0,19016.62121,273569.0,1623044.66055,0.0,0.0,0.0,0.0,237693.0,1544062.01682,0.0,0.0,January
KEB HANA BANK,1.0,0.0,0.0,0.0,0.0,0.0,0.0,1869.0,0.0,0.0,0.0,0.0,0.0,0.0,0.0,0.0,893.0,2649.861,47.0,149.981,0.0,0.0,298.0,2043.393,0.0,0.0,January
KOOKMIN BANK,0.0,0.0,0.0,0.0,0.0,0.0,0.0,605.0,0.0,0.0,0.0,0.0,0.0,0.0,0.0,0.0,300.0,1241.37517,95.0,153.01697,0.0,0.0,76.0,585.5,0.0,0.0,January
SBM BANK INDIA LTD,0.0,0.0,0.0,0.0,0.0,129.0,804407.0,851164.0,129857.0,189203.3017899996,342254.0,404712.17943,0.0,0.0,1616.0,4211.55625,8563.0,30320.49714,9063.0,39151.57040999999,0.0,0.0,29379.0,105327.2713,0.0,0.0,January
STANDARD CHARTERED BANK LTD,98.0,36.0,0.0,0.0,0.0,0.0,669643.0,860296.0,732029.0,2938340.592570137,875602.0,4765576.087319865,0.0,0.0,1198.0,8335.49133,189990.0,903221.1685699855,104446.0,413537.29804999154,22.0,570.269,381377.0,2302697.9582000007,0.0,0.0,January
WOORI BANK,0.0,0.0,0.0,0.0,0.0,0.0,0.0,1059.0,0.0,0.0,0.0,0.0,0.0,0.0,0.0,0.0,1146.0,4240.67599,669.0,1721.34434,0.0,0.0,0.0,0.0,0.0,0.0,January
AIRTEL PAYMENTS BANK,0.0,0.0,0.0,160272.0,0.0,803040.0,0.0,10009234.0,0.0,0.0,0.0,0.0,0.0,0.0,0.0,0.0,1908159.0,82901.97903999999,23140.0,28005.58924,0.0,0.0,589606.0,2193472.76776,0.0,0.0,January
FINO PAYMENTS BANK,0.0,0.0,0.0,469357.0,0.0,10892.0,0.0,10775516.0,0.0,0.0,0.0,0.0,0.0,0.0,0.0,0.0,62797.0,131527.607,806.0,2816.883,0.0,0.0,1318895.0,4632497.372,0.0,0.0,January
INDIA POST PAYMENTS BANK,0.0,0.0,0.0,181706.0,0.0,3190132.0,0.0,31375429.0,0.0,0.0,0.0,0.0,0.0,0.0,0.0,0.0,0.0,0.0,64394.0,76134.72249,0.0,0.0,0.0,0.0,0.0,0.0,January
JIO PAYMENTS BANK ,0.0,0.0,0.0,0.0,0.0,155398.0,0.0,1498038.0,0.0,0.0,0.0,0.0,0.0,0.0,0.0,0.0,13499.0,21991.59808,13194.0,42408.16239,2492.0,1420.8976699999998,160147.0,898273.78,0.0,0.0,January
NSDL PAYMENTS BANK,0.0,0.0,0.0,269863.0,0.0,0.0,0.0,2922339.0,0.0,0.0,0.0,0.0,0.0,0.0,0.0,0.0,17953.0,35925.09513,16945.0,44808.25178,0.0,0.0,474081.0,1358699.2,0.0,0.0,January
PAYTM PAYMENTS BANK,0.0,0.0,0.0,0.0,0.0,0.0,0.0,29291791.0,0.0,0.0,0.0,0.0,0.0,0.0,0.0,0.0,29.0,9.54609,120.0,8.28659,0.0,0.0,32.0,63.4,0.0,0.0,January
AU SMALL FINANCE BANK LTD,746.0,6.0,0.0,862.0,0.0,379461.0,973578.0,9235859.0,765695.0,4266551.30639,2934006.0,7091040.67467,660.0,338.84,2876.0,17981.5,154831.0,507498.02984,177316.0,797263.229,159.0,2753.613,1280326.0,7009366.907,0.0,0.0,January
CAPITAL SMALL FINANCE BANK LTD,205.0,2.0,0.0,0.0,0.0,0.0,0.0,226224.0,0.0,0.0,0.0,0.0,0.0,0.0,0.0,0.0,21111.0,74794.52734,1881.0,13145.12467,0.0,0.0,104538.0,650872.58,0.0,0.0,January
EQUITAS SMALL FINANCE BANK LTD,389.0,4.0,2964.0,362.0,0.0,61293.0,9642.0,1195816.0,65129.0,132485.98436,5765.0,76806.08337000001,0.0,0.0,151.0,869.5,72341.0,233246.02828,15336.0,114707.03844,0.0,0.0,1651406.0,5152193.616,0.0,0.0,January
ESAF SMALL FINANCE BANK LTD,718.0,2.0,0.0,2717.0,0.0,0.0,7482.0,5264021.0,5076.0,13518.500359999993,46627.0,37723.90740999996,0.0,0.0,43.0,175.3,116755.0,270707.8573000001,8790.0,37840.011020000005,0.0,0.0,736977.0,3939991.305,0.0,0.0,January
JANA SMALL FINANCE BANK LTD,57.0,5.0,0.0,173.0,0.0,705815.0,0.0,4334678.0,0.0,0.0,0.0,0.0,0.0,0.0,0.0,0.0,39664.0,103670.28907,6772.0,21998.74094,0.0,0.0,653952.0,2340178.2888,0.0,0.0,January
SLICE SMALL FINANCE BANK LTD,3.0,2.0,0.0,0.0,0.0,11907.0,90792.0,4019384.0,1347282.0,756508.70925,291287.0,383491.34498,0.0,0.0,0.0,0.0,8192.0,18003.488579999997,22578.0,115849.06806,0.0,0.0,63099.0,334853.4,2626.0,10281.88,January
SHIVALIK SMALL FINANCE BANK LTD,0.0,0.0,0.0,0.0,0.0,0.0,0.0,37828.0,0.0,0.0,0.0,0.0,0.0,0.0,0.0,0.0,1603.0,4487.4533200000005,441.0,4831.2077,0.0,0.0,12750.0,70966.411,0.0,0.0,January
SURYODAY SMALL FINANCE BANK LTD,0.0,0.0,0.0,0.0,0.0,0.0,30182.0,937499.0,4877.0,16161.376620000005,13399.0,35325.00926000007,0.0,0.0,36.0,151.9,6702.0,13130.476,1025.0,6162.457,0.0,0.0,75933.0,380519.653,0.0,0.0,January
UJJIVAN SMALL FINANCE BANK LTD,609.0,4.0,0.0,0.0,0.0,537035.0,0.0,6324140.0,0.0,0.0,0.0,0.0,0.0,0.0,0.0,0.0,117898.0,306723.29598,18197.0,100937.57261,0.0,0.0,2922048.0,12748778.84081,1.0,0.1,January
UNITY SMALL FINANCE BANK LTD,186.0,0.0,0.0,0.0,0.0,0.0,129601.0,116782.0,25399.0,78043.93993000001,56498.0,192819.74146,0.0,0.0,1063.0,3744.07411,7469.0,18564.63950000002,1246.0,6399.246289999998,0.0,0.0,37149.0,186099.13,0.0,0.0,January
UTKARSH SMALL FINANCE BANK LTD,365.0,8.0,0.0,784.0,0.0,41006.0,271773.0,1482479.0,15821.0,26208.41176,73086.0,79564.43793999986,2857436.0,743557.7334900977,531.0,885.2,16459.0,60419.00126999989,4201.0,27843.522580000004,1.0,0.1,160799.0,1105959.73117,0.0,0.0,January
BANK OF BARODA,8861.0,2407.0,55091.0,43579.0,24361.0,2718439.0,3045813.0,88282720.0,7679532.0,14548667.543,3430891.0,18262063.8,0.0,0.0,9552.0,49242.6,2839388.0,6632110.01428,218825.0,2359268.83187,21.0,52.315,21631501.0,108811780.461,3.0,2.2,July
BANK OF INDIA,5311.0,2510.0,18457.0,23779.0,0.0,1309127.0,82825.0,37409807.0,263969.0,855106.05511,67318.0,330242.93312,0.0,0.0,7375.0,38115.84709,2058545.0,4394048.20544,356095.0,915352.25786,0.0,0.0,14144823.0,59929468.314,0.0,0.0,July
BANK OF MAHARASHTRA,2274.0,247.0,146.0,5862.0,355014.0,948288.0,24564.0,13434125.0,39653.0,182396.81585,17921.0,93539.95384999998,0.0,0.0,658.0,3219.7,953287.0,2076983.52591,155565.0,544561.67526,6305.0,66211.77983,5603411.0,27241671.8805,0.0,0.0,July
CANARA BANK,7226.0,3555.0,78582.0,10333.0,0.0,3521610.0,1080246.0,60835984.0,1073065.0,4251507.44729,496340.0,3054026.05041,0.0,0.0,88360.0,510429.7,5214987.0,14507021.490939995,842060.0,4750194.067,4678.0,85463.903,28102781.0,139743356.27,3.0,0.56,July
CENTRAL BANK OF INDIA,2905.0,1196.0,3442.0,2776.0,37885.0,2032118.0,0.0,29110269.0,0.0,0.0,0.0,0.0,0.0,0.0,0.0,0.0,1157348.0,2873648.4979000003,180993.0,736347.4941,0.0,0.0,7572185.0,35959081.718,12.0,111.108,July
INDIAN BANK,4880.0,635.0,20000.0,15260.0,0.0,2631750.0,278926.0,33883402.0,202125.0,927233.06922,139725.0,1169896.0307,0.0,0.0,3902.0,32126.038,2708677.0,6602295.39252,442142.0,1257707.645,156.0,514.456,18053010.0,90189361.3682,4.0,2.6,July
INDIAN OVERSEAS BANK,2770.0,722.0,0.0,11082.0,0.0,485940.0,84552.0,19407344.0,171058.0,382438.8411,55111.0,175995.7471,0.0,0.0,3615.0,18754.9,2134186.0,4903476.95524,245310.0,795974.57843,0.0,0.0,11328008.0,51068888.66734,0.0,0.0,July
PUNJAB AND SIND BANK,1027.0,29.0,1076.0,1846.0,1227.0,195835.0,0.0,3631531.0,0.0,0.0,0.0,0.0,0.0,0.0,0.0,0.0,53422.0,195767.201,121018.0,303305.621,0.0,0.0,886503.0,4348031.1,0.0,0.0,July
PUNJAB NATIONAL BANK,7351.0,3887.0,24241.0,0.0,774229.0,1227644.0,636907.0,41846616.0,354859.0,1608150.74312,254416.0,1648432.86944,6.0,356.628,5313.0,17344.3,3557981.0,9182088.26328,929160.0,2900155.81435,0.0,0.0,22147603.0,113779245.72563,0.0,0.0,July
STATE BANK OF INDIA,27575.0,34285.0,1632842.0,51562.0,1025230.0,5511973.0,21259594.0,244835303.0,25368113.0,113929701.56456,60549735.0,211632411.35845003,0.0,0.0,121695.0,524329.40576,27853801.0,70707466.86172,6684519.0,23618242.96115,668.0,9173.009,144879298.0,789695588.9791,10166.0,9414.820971,July
UCO BANK,2358.0,210.0,10743.0,3568.0,159.0,1373600.0,0.0,13072401.0,0.0,0.0,0.0,0.0,0.0,0.0,0.0,0.0,781594.0,2006963.883,231840.0,708419.867,739.0,12632.86681,5986444.0,28884895.634,26.0,19.8,July
UNION BANK OF INDIA,7699.0,1196.0,52122.0,8051.0,358573.0,290031.0,478440.0,56966242.0,493928.0,2168341.411,1796367.0,3259053.379,0.0,0.0,7874.0,34154.974,3874864.0,9139303.73246,1229893.0,3272263.55898,2303.0,9538.749,40944796.0,120648068.642,4.0,3.55,July
AXIS BANK LTD,6404.0,6778.0,2449894.0,369.0,713647.0,108001427.0,15177034.0,40912067.0,42491052.0,98044162.56940028,28759985.0,129721308.29086351,0.0,0.0,70252.0,380922.03422,3838189.0,13695342.54112,1871215.0,12499192.37693,10813.0,275478.51436000003,14975834.0,99218567.98,0.0,0.0,July
BANDHAN BANK LTD,425.0,5.0,70050.0,0.0,34877.0,0.0,6.0,6362771.0,0.0,0.0,0.0,0.0,0.0,0.0,0.0,0.0,197179.0,652423.0093900001,46913.0,245391.59917,0.0,0.0,2051399.0,11007996.749,6.0,3.0,July
CITY UNION BANK LTD.,1250.0,516.0,7365.0,77740.0,0.0,67651.0,47284.0,3226609.0,49977.0,215991.6432,23492.0,247516.3924,0.0,0.0,166.0,829.2,443662.0,1276367.69433,40953.0,125568.09780000002,0.0,0.0,2275865.0,13918551.58187,0.0,0.0,July
CSB BANK LTD.,769.0,38.0,0.0,0.0,18628.0,0.0,163454.0,943700.0,247592.0,666021.43415,1756754.0,1657316.90072,0.0,0.0,0.0,0.0,120627.0,307820.00381,8448.0,35174.76918,0.0,0.0,366804.0,1951067.1,0.0,0.0,July
DCB BANK LTD,434.0,5.0,0.0,0.0,0.0,0.0,685.0,1102299.0,1201.0,4469.02914,802.0,5878.14043000001,0.0,0.0,28.0,190.5,73709.0,223066.28046,48582.0,214611.29999,191.0,5860.739,218238.0,1424924.547,0.0,0.0,July
DHANALAXMI BANK LTD,242.0,38.0,1557.0,0.0,0.0,39998.0,13971.0,598895.0,26936.0,66931.81795,7424.0,34722.43213,0.0,0.0,295.0,974.7,118806.0,254712.69251,5225.0,13269.69752,0.0,0.0,384453.0,1731009.34639,0.0,0.0,July
FEDERAL BANK LTD,1784.0,311.0,21492.0,0.0,0.0,6049484.0,1439404.0,14476438.0,3169926.0,8064349.837,1863152.0,10864062.97177,0.0,0.0,5587.0,26339.45,2561836.0,7609742.985,1148746.0,4870980.399,3134.0,46801.960340000005,6913225.0,37445141.092,0.0,0.0,July
HDFC BANK LTD,12841.0,8475.0,1720841.0,2017.0,2233940.0,930795.0,24804437.0,60826016.0,91077374.0,200451063.45148,38835761.0,337525113.48814,0.0,0.0,158217.0,1063724.12714,8448616.0,33573723.61057,6313524.0,38762244.09588,40159.0,787872.7652600001,30629848.0,214392491.673,32.0,31.22403,July
ICICI BANK LTD,9778.0,3474.0,2177401.0,6251.0,603741.0,3820161.0,18048654.0,31437987.0,17718823.0,97890204.4610903,68627394.0,263812517.66662452,48.0,3677.571,51551.0,266367.855,4752702.0,21828754.625270102,3122558.0,22424554.572149824,4983.0,130187.6578,12548940.0,96667749.409,1.0,0.13,July
IDBI BANK LTD,2368.0,673.0,13784.0,1251.0,0.0,389298.0,44737.0,12223675.0,78164.0,360512.916,70391.0,330328.3296,0.0,0.0,580.0,3672.65708,946176.0,2323046.404,194860.0,640849.003,0.0,0.0,4371893.0,23285000.0,126.0,40.4735,July
IDFC FIRST BANK LTD,750.0,230.0,39951.0,7262.0,0.0,183394.0,3861524.0,6821034.0,13888461.0,23318376.631,2805322.0,20002517.703,0.0,0.0,21815.0,113354.1,570219.0,2683837.67299,317782.0,4396549.91249,0.0,0.0,2957056.0,17160877.931,0.0,0.0,July
INDUSIND BANK LTD,2046.0,1010.0,199741.0,0.0,12312.0,7950663.0,3192572.0,11263143.0,3958139.0,31193532.907,9257713.0,57994156.066,0.0,0.0,20972.0,114132.66,583292.0,1809268.8,448204.0,2466342.116,779.0,64443.45843,3471087.0,20014271.127936,0.0,0.0,July
JAMMU AND KASHMIR BANK LTD,948.0,635.0,14150.0,1319.0,0.0,636047.0,132739.0,5006593.0,186150.0,1693959.21976,106750.0,435942.66427,0.0,0.0,10938.0,50141.876240000005,683288.0,1667612.5673,680647.0,652754.2456400001,0.0,0.0,4796831.0,25846789.522,0.0,0.0,July
KARNATAKA BANK LTD,954.0,542.0,9657.0,0.0,0.0,134013.0,0.0,5638398.0,0.0,0.0,0.0,0.0,0.0,0.0,0.0,0.0,656365.0,1363310.99523,48362.0,158706.76092,0.0,0.0,3389118.0,17124890.717,0.0,0.0,July
KARUR VYSYA BANK LTD,1535.0,673.0,1074.0,0.0,0.0,45954.0,10177.0,5479691.0,23064.0,163258.02073000002,8657.0,128276.0474,0.0,0.0,518.0,4134.9,823995.0,2192928.4491200014,121718.0,581556.2605099999,0.0,0.0,3710325.0,19471120.06423,0.0,0.0,July
KOTAK MAHINDRA BANK LTD,1985.0,944.0,77944.0,0.0,153113.0,728314.0,4581725.0,36089071.0,12730282.0,25583416.13176,4133904.0,36094525.682050005,0.0,0.0,22316.0,112771.778,1652635.0,4510486.772,1570478.0,5608634.18,0.0,0.0,8918216.0,47594377.74806001,0.0,0.0,July
NAINITAL BANK LTD,0.0,0.0,0.0,0.0,0.0,0.0,0.0,310629.0,0.0,0.0,0.0,0.0,0.0,0.0,0.0,0.0,11832.0,23593.34168,3391.0,11697.3306,0.0,0.0,57615.0,283352.1,0.0,0.0,July
RBL BANK LTD,378.0,37.0,3079094.0,0.0,1596.0,51699.0,4646898.0,1653167.0,4716311.0,25892263.9981,5818291.0,46326134.58736,0.0,0.0,30454.0,146454.99955,119298.0,394759.51969,69648.0,434789.0318899999,63.0,2322.28655,420024.0,2364919.63,0.0,0.0,July
SOUTH INDIAN BANK,909.0,364.0,13747.0,0.0,37994.0,106289.0,366696.0,4018696.0,522355.0,2154585.23036,609953.0,4054808.60678,0.0,0.0,0.0,0.0,893015.0,2568351.49723,166879.0,921955.84485,0.0,0.0,2494833.0,13171870.1,0.0,0.0,July
TAMILNAD MERCANTILE BANK LTD,505.0,647.0,2152.0,0.0,0.0,192225.0,26662.0,2518214.0,41280.0,189342.06409,17867.0,112505.12215,0.0,0.0,1980.0,8284.5,281032.0,946413.42737,27181.0,196330.48563,77.0,218.56,4316609.0,21777820.2,0.0,0.0,July
YES BANK LTD,1176.0,146.0,98492.0,76200.0,194145.0,530951634.0,2584450.0,5348032.0,11506979.0,19757903.60031,1261186.0,15770693.34837,0.0,0.0,8741.0,43510.9,426752.0,1330452.6263500007,130711.0,804869.1048399961,42.0,472.899,1731790.0,10061077.864,0.0,0.0,July
AMERICAN EXPRESS BANKING CORPORATION,0.0,0.0,14721.0,0.0,0.0,0.0,1390801.0,0.0,1643773.0,14139364.884,4213197.0,38308373.853,0.0,0.0,0.0,0.0,0.0,0.0,0.0,0.0,0.0,0.0,0.0,0.0,0.0,0.0,July
BANK OF AMERICA,0.0,0.0,0.0,0.0,0.0,0.0,0.0,0.0,0.0,0.0,0.0,0.0,0.0,0.0,0.0,0.0,0.0,0.0,0.0,0.0,0.0,0.0,0.0,0.0,0.0,0.0,July
BANK OF BAHRAIN & KUWAIT B.S.C.,0.0,0.0,0.0,0.0,0.0,0.0,0.0,1074.0,0.0,0.0,0.0,0.0,0.0,0.0,0.0,0.0,1279.0,4139.26,0.0,0.0,0.0,0.0,1463.0,7814.8,0.0,0.0,July
BARCLAYS BANK PLC,0.0,0.0,0.0,0.0,1.0,0.0,0.0,486.0,0.0,0.0,0.0,0.0,0.0,0.0,0.0,0.0,185.0,513.6014299999999,0.0,0.0,0.0,0.0,583.0,5393.4,0.0,0.0,July
CITI BANK,0.0,0.0,0.0,0.0,0.0,0.0,245457.0,0.0,172134.0,1093315.543800014,334662.0,4373807.620099484,0.0,0.0,452.0,3790.7,0.0,0.0,0.0,0.0,0.0,0.0,0.0,0.0,0.0,0.0,July
DBS INDIA BANK LTD,413.0,330.0,658.0,90.0,0.0,8636.0,428198.0,1653045.0,414561.0,1927405.88743,290596.0,2496840.72223,0.0,0.0,1676.0,5043.3,159415.0,414000.77963,76909.0,261471.51064,0.0,0.0,649368.0,3747540.6589999455,0.0,0.0,July
DEUTSCHE BANK LTD,12.0,3.0,0.0,0.0,0.0,298.0,0.0,102689.0,0.0,0.0,0.0,0.0,0.0,0.0,0.0,0.0,19878.0,73414.0340099999,13734.0,50619.72639999982,0.0,0.0,22779.0,144061.61,0.0,0.0,July
DOHA BANK Q.P.S.C.,2.0,0.0,0.0,0.0,0.0,0.0,0.0,23130.0,0.0,0.0,0.0,0.0,0.0,0.0,0.0,0.0,1312.0,5032.536099999999,228.0,796.82816,0.0,0.0,2138.0,13958.0,0.0,0.0,July
HSBC LTD,46.0,25.0,0.0,0.0,0.0,0.0,956811.0,828992.0,1121501.0,4283386.023460006,1963251.0,12598434.89088081,0.0,0.0,2679.0,18808.21882000001,275731.0,1460545.4804000002,0.0,0.0,0.0,0.0,228994.0,1431891.3140600005,0.0,0.0,July
KEB HANA BANK,1.0,0.0,0.0,0.0,0.0,0.0,0.0,1746.0,0.0,0.0,0.0,0.0,0.0,0.0,0.0,0.0,1027.0,3478.89,103.0,275.279,0.0,0.0,210.0,1230.6,0.0,0.0,July
KOOKMIN BANK,0.0,0.0,0.0,0.0,0.0,0.0,0.0,568.0,0.0,0.0,0.0,0.0,0.0,0.0,0.0,0.0,438.0,1258.34046,156.0,275.06214,0.0,0.0,68.0,510.0,0.0,0.0,July
SBM BANK INDIA LTD,0.0,0.0,0.0,0.0,0.0,40.0,717500.0,834380.0,148609.0,198539.04931999987,324995.0,436216.3315599997,0.0,0.0,1352.0,3740.79376,8474.0,25580.11605,8648.0,36752.03426000001,0.0,0.0,25849.0,88897.05315,0.0,0.0,July
STANDARD CHARTERED BANK LTD,101.0,39.0,0.0,0.0,0.0,0.0,796269.0,855683.0,820738.0,3141177.3395600347,1019093.0,5690498.900130169,0.0,0.0,1239.0,8250.64063,224336.0,853616.1032299987,119937.0,544575.2732300028,26.0,369.9,416853.0,2386719.81434,0.0,0.0,July
WOORI BANK,0.0,0.0,0.0,0.0,0.0,0.0,0.0,1410.0,0.0,0.0,0.0,0.0,0.0,0.0,0.0,0.0,1581.0,6456.338899999998,670.0,2182.7559100000003,0.0,0.0,627.0,4710.3,0.0,0.0,July
AIRTEL PAYMENTS BANK,0.0,0.0,0.0,153733.0,0.0,1169690.0,0.0,7223535.0,0.0,0.0,0.0,0.0,0.0,0.0,0.0,0.0,355973.0,43789.04054,41984.0,69705.69456999999,0.0,0.0,483179.0,1850321.74836,0.0,0.0,July
FINO PAYMENTS BANK,0.0,0.0,0.0,459843.0,0.0,11202.0,0.0,10778619.0,0.0,0.0,0.0,0.0,0.0,0.0,0.0,0.0,121824.0,291275.76766,2590.0,6339.6183,0.0,0.0,2109571.0,7034901.872,2.0,1.5,July
INDIA POST PAYMENTS BANK,0.0,0.0,0.0,197371.0,0.0,2716325.0,0.0,27229649.0,0.0,0.0,0.0,0.0,0.0,0.0,0.0,0.0,0.0,0.0,175853.0,127958.29297,0.0,0.0,0.0,0.0,0.0,0.0,July
JIO PAYMENTS BANK ,0.0,0.0,0.0,0.0,0.0,132761.0,0.0,1048576.0,0.0,0.0,0.0,0.0,0.0,0.0,0.0,0.0,14547.0,27329.58097,26843.0,112348.8634,2114.0,1261.39573,101368.0,517861.2,0.0,0.0,July
NSDL PAYMENTS BANK,0.0,0.0,0.0,298328.0,0.0,0.0,0.0,919103.0,0.0,0.0,0.0,0.0,0.0,0.0,0.0,0.0,16525.0,22821.93854,13013.0,32137.26525,0.0,0.0,449682.0,1197910.8,0.0,0.0,July
PAYTM PAYMENTS BANK,0.0,0.0,0.0,0.0,0.0,0.0,0.0,30586682.0,0.0,0.0,0.0,0.0,0.0,0.0,0.0,0.0,73.0,43.84248,432.0,34.10705,0.0,0.0,40.0,110.6,0.0,0.0,July
AU SMALL FINANCE BANK LTD,671.0,6.0,0.0,852.0,0.0,351128.0,976635.0,8880980.0,846023.0,4381968.827640001,2315207.0,5629210.851859999,314.0,245.792,2247.0,12115.4,161721.0,444919.44548,168058.0,745276.291659926,139.0,2070.107,1337197.0,7018502.594,0.0,0.0,July
CAPITAL SMALL FINANCE BANK LTD,194.0,2.0,0.0,0.0,0.0,0.0,0.0,237901.0,0.0,0.0,0.0,0.0,0.0,0.0,0.0,0.0,22528.0,63404.5374,2049.0,15736.93114,0.0,0.0,108488.0,626021.93,0.0,0.0,July
EQUITAS SMALL FINANCE BANK LTD,375.0,4.0,2573.0,336.0,60679.0,0.0,1527.0,1252795.0,5604.0,27819.40906,1857.0,18766.982800000016,0.0,0.0,49.0,337.2,90361.0,228691.56796,20553.0,129048.81867,0.0,0.0,1880783.0,5360895.389,0.0,0.0,July
ESAF SMALL FINANCE BANK LTD,714.0,2.0,0.0,4990.0,0.0,0.0,2231.0,5886414.0,1951.0,3214.0768699999985,15628.0,10730.156300000002,0.0,0.0,8.0,9.5,127982.0,275579.57787999994,9007.0,35961.413369999995,0.0,0.0,701101.0,3452085.62,0.0,0.0,July
JANA SMALL FINANCE BANK LTD,58.0,3.0,0.0,173.0,0.0,510416.0,0.0,4013681.0,0.0,0.0,0.0,0.0,0.0,0.0,0.0,0.0,41975.0,98067.02771,7054.0,30124.52875,0.0,0.0,461940.0,1813360.80044,0.0,0.0,July
SLICE SMALL FINANCE BANK LTD,17.0,1.0,0.0,0.0,0.0,0.0,0.0,1804955.0,0.0,0.0,0.0,0.0,0.0,0.0,0.0,0.0,5874.0,10651.12226,15703.0,66500.95169,0.0,0.0,104129.0,348408.3,209.0,740.81444,July
SHIVALIK SMALL FINANCE BANK LTD,0.0,0.0,0.0,0.0,0.0,0.0,0.0,33356.0,0.0,0.0,0.0,0.0,0.0,0.0,0.0,0.0,2543.0,6314.940499999998,1551.0,8540.29712,0.0,0.0,21292.0,112350.42,0.0,0.0,July
SURYODAY SMALL FINANCE BANK LTD,0.0,0.0,0.0,67.0,0.0,0.0,3070.0,890429.0,929.0,2356.00186,4627.0,6523.7283,0.0,0.0,0.0,0.0,7626.0,15996.899,2245.0,8052.101,0.0,0.0,72070.0,331284.188,0.0,0.0,July
UJJIVAN SMALL FINANCE BANK LTD,609.0,4.0,0.0,0.0,0.0,564319.0,0.0,6826828.0,0.0,0.0,0.0,0.0,0.0,0.0,0.0,0.0,137267.0,293462.74315,29134.0,125608.91679,0.0,0.0,3116092.0,12515964.315,1.0,2.0,July
UNITY SMALL FINANCE BANK LTD,194.0,0.0,0.0,0.0,0.0,0.0,11203.0,99437.0,6684.0,24770.10268,15939.0,40864.05316,0.0,0.0,36.0,119.9,8124.0,19818.11955,1067.0,5155.87167,0.0,0.0,37790.0,176467.469,0.0,0.0,July
UTKARSH SMALL FINANCE BANK LTD,98.0,1.0,0.0,778.0,0.0,40723.0,163294.0,1738325.0,12416.0,15907.63202,50681.0,49590.31587,1583107.0,282920.438,481.0,432.5,19271.0,64509.89950999998,3439.0,18926.758720000005,0.0,0.0,151500.0,821805.347,0.0,0.0,July
BANK OF BARODA,8710.0,2420.0,52130.0,44362.0,24248.0,2658077.0,3028877.0,87776511.0,7374472.0,13892652.494,3256646.0,16800430.447,0.0,0.0,9003.0,46579.8,2809540.0,6606462.2855,195902.0,2077040.58668,15.0,36.661,21197051.0,107766070.301,4.0,2.3,June
BANK OF INDIA,5339.0,2647.0,18450.0,23603.0,0.0,1292420.0,74463.0,37225651.0,238702.0,820457.53938,64775.0,311792.72345,0.0,0.0,6948.0,36755.56826,2016826.0,4335662.01787,349219.0,821597.76295,0.0,0.0,13805735.0,59003197.815,4.0,3.10999,June
BANK OF MAHARASHTRA,2214.0,250.0,115.0,5762.0,355014.0,945478.0,25810.0,13241997.0,40934.0,188532.5879,17193.0,93108.48073,0.0,0.0,722.0,3553.8,943508.0,2074966.14266,148480.0,490708.89342,6112.0,66109.06808,5381322.0,26336018.93578,0.0,0.0,June
CANARA BANK,7274.0,3572.0,77793.0,9640.0,0.0,3361623.0,1029315.0,60970376.0,1011354.0,4010725.51193,450410.0,2734405.56847,0.0,0.0,80038.0,462132.7,5115503.0,14033589.48881,782476.0,3847221.46224,4391.0,80911.909,27493561.0,136817543.631,2.0,0.51,June
CENTRAL BANK OF INDIA,2899.0,1189.0,3371.0,2712.0,37068.0,2071523.0,0.0,28545314.0,0.0,0.0,0.0,0.0,0.0,0.0,0.0,0.0,1332570.0,2952845.4815,173917.0,657354.5085,0.0,0.0,7471216.0,35814628.076,16.0,145.3,June
INDIAN BANK,4829.0,637.0,19910.0,15080.0,0.0,2738620.0,278922.0,33747801.0,195501.0,851121.65151,135150.0,1095108.07612,0.0,0.0,4026.0,32259.918,2615659.0,6433737.401,462859.0,1193377.058,104.0,273.385,17547054.0,87502451.81273998,6.0,6.262,June
INDIAN OVERSEAS BANK,2728.0,732.0,0.0,10872.0,0.0,477768.0,79870.0,19066347.0,77661.0,263802.46555,28248.0,121014.1277,0.0,0.0,2730.0,14297.81575,2044362.0,4779083.794600001,224095.0,701445.42618,0.0,0.0,11051694.0,49793153.65815,0.0,0.0,June
PUNJAB AND SIND BANK,1027.0,29.0,1052.0,1776.0,1198.0,193073.0,0.0,3569468.0,0.0,0.0,0.0,0.0,0.0,0.0,0.0,0.0,91323.0,258951.51,115313.0,288010.93649,0.0,0.0,790089.0,3818833.5,0.0,0.0,June
PUNJAB NATIONAL BANK,7341.0,3899.0,25616.0,0.0,769536.0,1156023.0,625473.0,41661728.0,345830.0,1569168.6869400002,274493.0,1582349.60655,3.0,186.0,5565.0,18698.2,3543231.0,9093018.94879,930298.0,2432789.44175,0.0,0.0,22081280.0,114858741.8282,0.0,0.0,June
STATE BANK OF INDIA,27478.0,34997.0,1636331.0,51217.0,1022316.0,5438480.0,21192954.0,242735835.0,25432136.0,110415424.46222004,54523759.0,195307825.32148007,0.0,0.0,122642.0,532423.38783,26973350.0,68118962.27233,6298032.0,20553031.33375,652.0,9249.96239,142167802.0,779182499.7588,11150.0,10082.9476,June
UCO BANK,2336.0,220.0,10813.0,3568.0,168.0,1351843.0,0.0,12878642.0,0.0,0.0,0.0,0.0,0.0,0.0,0.0,0.0,780008.0,2012118.00107,225221.0,607441.10536,760.0,14039.5523,5885170.0,28524412.83884,39.0,25.8059,June
UNION BANK OF INDIA,7701.0,1194.0,50803.0,8042.0,352011.0,289409.0,480428.0,56624526.0,531548.0,2292718.264,1843781.0,3288950.387,0.0,0.0,8485.0,37545.483,3812931.0,8933907.88432,1212494.0,2786942.799410001,2358.0,9614.89,39594183.0,125529816.586,3.0,3.948,June
AXIS BANK LTD,6490.0,7642.0,2373873.0,369.0,712870.0,106153584.0,15054518.0,40587495.0,40100437.0,99065833.361,26600092.0,119614903.975,0.0,0.0,69327.0,387638.0,3806865.0,13069208.744,1716824.0,10869440.436,9774.0,259403.742,14721627.0,97388439.899,0.0,0.0,June
BANDHAN BANK LTD,433.0,5.0,69657.0,0.0,33526.0,0.0,6.0,6321760.0,0.0,0.0,0.0,0.0,0.0,0.0,0.0,0.0,190297.0,633650.1202499998,46639.0,233691.95753,0.0,0.0,1996237.0,10745519.198,7.0,4.5,June
CITY UNION BANK LTD.,1261.0,515.0,7333.0,79935.0,0.0,70257.0,47456.0,3168749.0,49171.0,212987.31953,22282.0,230959.55104,0.0,0.0,188.0,1063.3,529687.0,1445896.01978,39252.0,139871.85331,0.0,0.0,2570649.0,14444388.93448,0.0,0.0,June
CSB BANK LTD.,762.0,38.0,0.0,0.0,18296.0,0.0,160502.0,932618.0,246342.0,676737.1386800001,1623949.0,1603058.60148,0.0,0.0,0.0,0.0,114631.0,285208.17509,7975.0,36076.47787,0.0,0.0,356861.0,1869475.0,0.0,0.0,June
DCB BANK LTD,434.0,5.0,0.0,0.0,0.0,0.0,513.0,1001353.0,1064.0,5189.722,577.0,3134.995,0.0,0.0,12.0,71.0,71869.0,219140.35865,43378.0,189084.01265,165.0,5154.203,209166.0,1360611.188,0.0,0.0,June
DHANALAXMI BANK LTD,241.0,39.0,1514.0,0.0,0.0,39384.0,13581.0,594610.0,25245.0,62718.235810000006,6703.0,28126.70362,0.0,0.0,260.0,960.8,113822.0,246053.40852000003,4571.0,11604.97161,0.0,0.0,371453.0,1662189.50852,0.0,0.0,June
FEDERAL BANK LTD,1782.0,311.0,22245.0,0.0,0.0,6040146.0,1354866.0,14375241.0,2963912.0,7439514.599,1743412.0,9637330.43118,0.0,0.0,5517.0,27142.13438,2383211.0,6784152.559,1062306.0,4278583.174,3002.0,40873.58971,6737495.0,36119209.386,0.0,0.0,June
HDFC BANK LTD,12810.0,8441.0,1799897.0,2013.0,2314708.0,939523.0,24489022.0,60574082.0,86696258.0,187429401.20399,36199971.0,324147793.04529005,0.0,0.0,154566.0,1036554.30432,8345388.0,32758463.59088999,6004247.0,33662414.6703,36513.0,631902.63608,29981100.0,209316711.904,18.0,16.708,June
ICICI BANK LTD,9789.0,3583.0,2149340.0,6279.0,603081.0,3799445.0,17980990.0,31892291.0,17746195.0,94636819.46366976,64266330.0,238877546.4138677,40.0,3601.821,52452.0,272187.376,4580745.0,20427074.321329903,2984758.0,19608249.60863994,5056.0,105244.3318,12478782.0,95188748.324,0.0,0.0,June
IDBI BANK LTD,2366.0,679.0,14204.0,1238.0,0.0,433301.0,44359.0,12160517.0,78431.0,349829.57680000004,64689.0,289760.0618,0.0,0.0,561.0,3234.73622,938144.0,2304984.1032900065,181190.0,560522.5786099996,0.0,0.0,4289043.0,22888213.884,113.0,33.05,June
IDFC FIRST BANK LTD,738.0,305.0,39906.0,7292.0,0.0,175515.0,3775083.0,6740478.0,13033034.0,21814178.382,2485412.0,17197191.925,0.0,0.0,20958.0,105053.3,558521.0,2276578.40301,281378.0,3773674.32809,0.0,0.0,2896116.0,16814143.732,0.0,0.0,June
INDUSIND BANK LTD,2042.0,1010.0,199138.0,0.0,12326.0,7673677.0,3188821.0,11276263.0,4059132.0,28818280.79,8579670.0,54397326.516,0.0,0.0,21456.0,117404.657,572398.0,1774184.406,425747.0,2236292.553,755.0,64377.855,3344853.0,19670542.391845,0.0,0.0,June
JAMMU AND KASHMIR BANK LTD,946.0,635.0,14159.0,1268.0,0.0,630839.0,130572.0,5003684.0,180541.0,1574242.04931,96081.0,370843.60715,0.0,0.0,10203.0,47099.58081,630403.0,1524809.3515,625307.0,501146.12883000006,0.0,0.0,4630426.0,25471985.368,0.0,0.0,June
KARNATAKA BANK LTD,952.0,542.0,9833.0,0.0,0.0,132590.0,0.0,5627754.0,0.0,0.0,0.0,0.0,0.0,0.0,0.0,0.0,647942.0,1339688.14865,45508.0,147967.31268,0.0,0.0,3331993.0,16761431.641,0.0,0.0,June
KARUR VYSYA BANK LTD,1544.0,682.0,1367.0,0.0,0.0,45675.0,10264.0,5430016.0,23188.0,162472.48813999997,8466.0,126891.2682,0.0,0.0,457.0,3584.3,802958.0,2226064.7515699994,114738.0,550938.1548099997,0.0,0.0,3653018.0,19217739.72223,0.0,0.0,June
KOTAK MAHINDRA BANK LTD,1977.0,950.0,75696.0,0.0,146334.0,728103.0,4579966.0,35822892.0,11948334.0,23843696.23865,4123439.0,36118617.30119,0.0,0.0,21507.0,107558.24789,1631131.0,4408947.409,1451712.0,4977492.44,0.0,0.0,8840293.0,46948280.042310014,0.0,0.0,June
NAINITAL BANK LTD,0.0,0.0,0.0,0.0,0.0,0.0,0.0,306770.0,0.0,0.0,0.0,0.0,0.0,0.0,0.0,0.0,11952.0,25105.69068,2993.0,10779.99339,0.0,0.0,57158.0,282139.3,0.0,0.0,June
RBL BANK LTD,378.0,37.0,2975778.0,0.0,1596.0,51034.0,4687959.0,1640158.0,4736670.0,25094647.99827,5460284.0,43434774.85869,0.0,0.0,9564.0,47132.8026,114401.0,367343.45923,65852.0,411116.3465100001,56.0,2479.25,409929.0,2277096.589,0.0,0.0,June
SOUTH INDIAN BANK,910.0,364.0,13918.0,0.0,38353.0,105222.0,369514.0,4001300.0,528332.0,2058628.38731,597991.0,3786281.91999,0.0,0.0,0.0,0.0,831088.0,2313175.4500300004,151217.0,835169.57509,0.0,0.0,2441348.0,12845336.387,0.0,0.0,June
TAMILNAD MERCANTILE BANK LTD,505.0,647.0,2281.0,0.0,0.0,189380.0,27417.0,2498990.0,39156.0,184665.43601,16563.0,108836.823,0.0,0.0,1720.0,7597.1,270150.0,976030.26155,25861.0,173993.40714,72.0,223.111,4278074.0,21524161.4,0.0,0.0,June
YES BANK LTD,1172.0,157.0,98449.0,76472.0,196060.0,523573787.0,2555892.0,5327245.0,10991807.0,18825379.24989,1163618.0,14233514.86027,0.0,0.0,8411.0,42389.0,421062.0,1310725.3668199964,121033.0,734938.9554999938,27.0,325.395,1714734.0,9819619.488,0.0,0.0,June
AMERICAN EXPRESS BANKING CORPORATION,0.0,0.0,14723.0,0.0,0.0,0.0,1405989.0,0.0,1629209.0,13512507.24,4026638.0,37476837.393,0.0,0.0,0.0,0.0,0.0,0.0,0.0,0.0,0.0,0.0,0.0,0.0,0.0,0.0,June
BANK OF AMERICA,0.0,0.0,0.0,0.0,0.0,0.0,0.0,0.0,0.0,0.0,0.0,0.0,0.0,0.0,0.0,0.0,0.0,0.0,0.0,0.0,0.0,0.0,0.0,0.0,0.0,0.0,June
BANK OF BAHRAIN & KUWAIT B.S.C.,0.0,0.0,0.0,0.0,0.0,0.0,0.0,1027.0,0.0,0.0,0.0,0.0,0.0,0.0,0.0,0.0,1092.0,3302.068,0.0,0.0,0.0,0.0,1297.0,6822.75,0.0,0.0,June
BARCLAYS BANK PLC,0.0,0.0,0.0,0.0,1.0,0.0,0.0,472.0,0.0,0.0,0.0,0.0,0.0,0.0,0.0,0.0,164.0,303.39861,2.0,22.151,0.0,0.0,496.0,4501.4,0.0,0.0,June
CITI BANK,0.0,0.0,0.0,0.0,0.0,0.0,242440.0,0.0,160114.0,1046541.0417800096,290615.0,4704251.921309402,0.0,0.0,475.0,3983.7,0.0,0.0,0.0,0.0,0.0,0.0,0.0,0.0,0.0,0.0,June
DBS INDIA BANK LTD,417.0,331.0,666.0,90.0,0.0,8551.0,438113.0,1659279.0,417034.0,1852304.09231,272428.0,2268780.81364,0.0,0.0,1648.0,5086.1,159502.0,409512.370109998,66209.0,226715.6739999997,0.0,0.0,642462.0,3694631.679000043,0.0,0.0,June
DEUTSCHE BANK LTD,13.0,2.0,0.0,0.0,0.0,306.0,0.0,101385.0,0.0,0.0,0.0,0.0,0.0,0.0,0.0,0.0,18259.0,64898.32373999996,12892.0,50128.53980999992,0.0,0.0,22062.0,141240.525,0.0,0.0,June
DOHA BANK Q.P.S.C.,2.0,0.0,0.0,0.0,0.0,0.0,0.0,23085.0,0.0,0.0,0.0,0.0,0.0,0.0,0.0,0.0,749.0,2759.5884100000003,109.0,337.62954,0.0,0.0,1661.0,10421.2,0.0,0.0,June
HSBC LTD,46.0,25.0,0.0,0.0,0.0,0.0,946606.0,809458.0,1094316.0,4144168.518979983,1801799.0,14993386.784620944,0.0,0.0,2903.0,20754.86821,258222.0,1282827.523899,0.0,0.0,0.0,0.0,221833.0,1379098.4909499993,0.0,0.0,June
KEB HANA BANK,1.0,0.0,0.0,0.0,0.0,0.0,0.0,1734.0,0.0,0.0,0.0,0.0,0.0,0.0,0.0,0.0,1132.0,3677.158,98.0,420.017,0.0,0.0,190.0,1323.6,0.0,0.0,June
KOOKMIN BANK,0.0,0.0,0.0,0.0,0.0,0.0,0.0,564.0,0.0,0.0,0.0,0.0,0.0,0.0,0.0,0.0,558.0,1743.85282,178.0,616.45167,0.0,0.0,76.0,611.5,0.0,0.0,June
SBM BANK INDIA LTD,0.0,0.0,0.0,0.0,0.0,26.0,703942.0,851727.0,147531.0,195408.1383099999,309688.0,417959.5720399997,0.0,0.0,1411.0,4028.69063,8058.0,25692.64492,8190.0,33026.61205,0.0,0.0,24623.0,82234.55928,0.0,0.0,June
STANDARD CHARTERED BANK LTD,101.0,41.0,0.0,0.0,0.0,0.0,808765.0,886608.0,847700.0,3139912.5365400887,984816.0,5285005.160180804,0.0,0.0,1480.0,10205.13126,227035.0,851938.9390800031,116130.0,499511.4171900012,23.0,282.65,432665.0,2448445.8784200023,0.0,0.0,June
WOORI BANK,0.0,0.0,0.0,0.0,0.0,0.0,0.0,1404.0,0.0,0.0,0.0,0.0,0.0,0.0,0.0,0.0,1355.0,5107.563000000002,636.0,1610.69067,0.0,0.0,497.0,3685.9,0.0,0.0,June
AIRTEL PAYMENTS BANK,0.0,0.0,0.0,152213.0,0.0,1175054.0,0.0,6868035.0,0.0,0.0,0.0,0.0,0.0,0.0,0.0,0.0,208860.0,43626.46307,40215.0,65798.12252,0.0,0.0,453004.0,1782262.8346099998,0.0,0.0,June
FINO PAYMENTS BANK,0.0,0.0,0.0,457859.0,0.0,11294.0,0.0,10611222.0,0.0,0.0,0.0,0.0,0.0,0.0,0.0,0.0,120565.0,236798.69025,2751.0,5840.910150000001,0.0,0.0,2092812.0,7120259.182,0.0,0.0,June
INDIA POST PAYMENTS BANK,0.0,0.0,0.0,195771.0,0.0,2624837.0,0.0,26409242.0,0.0,0.0,0.0,0.0,0.0,0.0,0.0,0.0,0.0,0.0,167461.0,88725.09073000001,0.0,0.0,0.0,0.0,0.0,0.0,June
JIO PAYMENTS BANK ,0.0,0.0,0.0,0.0,0.0,128636.0,0.0,912093.0,0.0,0.0,0.0,0.0,0.0,0.0,0.0,0.0,14038.0,21641.35908,27600.0,103026.8101,2005.0,1393.1839,86004.0,424590.52,0.0,0.0,June
NSDL PAYMENTS BANK,0.0,0.0,0.0,294632.0,0.0,0.0,0.0,853896.0,0.0,0.0,0.0,0.0,0.0,0.0,0.0,0.0,14666.0,17897.20323,10613.0,22063.22528,0.0,0.0,407851.0,1061425.0,0.0,0.0,June
PAYTM PAYMENTS BANK,0.0,0.0,0.0,0.0,0.0,0.0,0.0,30589109.0,0.0,0.0,0.0,0.0,0.0,0.0,0.0,0.0,71.0,103.46146,387.0,165.87868,0.0,0.0,32.0,46.0,0.0,0.0,June
AU SMALL FINANCE BANK LTD,672.0,6.0,0.0,852.0,0.0,348587.0,982540.0,8843774.0,858263.0,4176002.53932,2190145.0,5178342.04977,231.0,141.571,2357.0,12795.3,163792.0,442376.8049699999,147707.0,659014.9237399829,142.0,2079.62,1362143.0,7047788.831,0.0,0.0,June
CAPITAL SMALL FINANCE BANK LTD,194.0,2.0,0.0,0.0,0.0,0.0,0.0,240938.0,0.0,0.0,0.0,0.0,0.0,0.0,0.0,0.0,22198.0,63762.81906,1486.0,8531.924140000001,0.0,0.0,103175.0,596151.92,0.0,0.0,June
EQUITAS SMALL FINANCE BANK LTD,372.0,4.0,2593.0,336.0,60338.0,0.0,1152.0,1339683.0,3980.0,19782.00209999999,1570.0,15836.72041000001,0.0,0.0,65.0,327.9,88496.0,224338.65823,19822.0,116357.61113,0.0,0.0,1857559.0,5381379.037,0.0,0.0,June
ESAF SMALL FINANCE BANK LTD,711.0,2.0,0.0,4948.0,0.0,0.0,1993.0,5860563.0,1717.0,2865.176500000002,11740.0,8757.192070000003,0.0,0.0,8.0,10.0,123635.0,254890.71327000004,8372.0,28679.07035,0.0,0.0,681790.0,3324910.29,0.0,0.0,June
JANA SMALL FINANCE BANK LTD,58.0,3.0,0.0,173.0,0.0,509397.0,0.0,3966549.0,0.0,0.0,0.0,0.0,0.0,0.0,0.0,0.0,40944.0,94804.67924,7265.0,30457.33349,0.0,0.0,408939.0,1658869.95176,0.0,0.0,June
SLICE SMALL FINANCE BANK LTD,17.0,1.0,0.0,0.0,0.0,0.0,0.0,1415470.0,0.0,0.0,0.0,0.0,0.0,0.0,0.0,0.0,4813.0,10864.46926,12199.0,42584.84268,0.0,0.0,91992.0,331590.0,112.0,508.02441,June
SHIVALIK SMALL FINANCE BANK LTD,0.0,0.0,0.0,0.0,0.0,0.0,0.0,34899.0,0.0,0.0,0.0,0.0,0.0,0.0,0.0,0.0,2561.0,6885.86553,1743.0,8343.66366,0.0,0.0,22109.0,106483.09,0.0,0.0,June
SURYODAY SMALL FINANCE BANK LTD,0.0,0.0,0.0,67.0,0.0,0.0,2075.0,883356.0,545.0,1887.33023,5549.0,4094.701159999998,0.0,0.0,0.0,0.0,7222.0,13783.248,1571.0,8373.367,0.0,0.0,66921.0,306685.344,0.0,0.0,June
UJJIVAN SMALL FINANCE BANK LTD,609.0,4.0,0.0,0.0,0.0,557891.0,0.0,6865926.0,0.0,0.0,0.0,0.0,0.0,0.0,0.0,0.0,128462.0,275925.74934,28273.0,110446.1534,0.0,0.0,2901122.0,11796468.222,1.0,0.3,June
UNITY SMALL FINANCE BANK LTD,193.0,0.0,0.0,0.0,0.0,0.0,6283.0,95632.0,3221.0,13420.2333,11597.0,38024.71079999999,0.0,0.0,29.0,62.3,7940.0,17937.315579999995,1015.0,4845.096350000002,0.0,0.0,34856.0,161436.964,0.0,0.0,June
UTKARSH SMALL FINANCE BANK LTD,355.0,7.0,0.0,777.0,0.0,40433.0,142182.0,1724691.0,10548.0,13263.05998,45613.0,43820.61623,1234112.0,222563.538,372.0,374.4,19759.0,65188.63028000002,6749.0,32115.43580000005,0.0,0.0,163456.0,909979.118,0.0,0.0,June
BANK OF BARODA,8699.0,2415.0,52013.0,44469.0,24245.0,2614504.0,3017591.0,88103641.0,7562173.0,14468714.86,3292432.0,17038106.063,0.0,0.0,9161.0,47637.7,3007570.0,7194340.732449999,215858.0,2064479.02333,17.0,46.8,22524300.0,116858928.654,6.0,4.4,May
BANK OF INDIA,5323.0,2677.0,18508.0,23320.0,0.0,1273280.0,72891.0,37532322.0,195619.0,812084.38303,67403.0,319567.49149,0.0,0.0,8106.0,43440.62821,2136006.0,4698273.9732,378431.0,816935.74804,0.0,0.0,14503499.0,63124079.969,1.0,1.0,May
BANK OF MAHARASHTRA,2187.0,250.0,105.0,5605.0,355014.0,943325.0,26535.0,13321331.0,42893.0,201443.11889,18093.0,96960.94105,0.0,0.0,688.0,3529.0,1002404.0,2206942.58304,158328.0,445540.77463,5484.0,58659.81318,5598502.0,27836305.22653,0.0,0.0,May
CANARA BANK,9246.0,3629.0,77302.0,9045.0,0.0,3262838.0,981365.0,60696728.0,1048387.0,4144119.1089,463395.0,2801436.97825,0.0,0.0,83384.0,479874.8,5416783.0,15849468.856249996,865537.0,3742037.49704,4339.0,80479.446,28340729.0,142947110.054,3.0,1.5,May
CENTRAL BANK OF INDIA,2896.0,1189.0,3333.0,2687.0,36258.0,2022310.0,0.0,28208710.0,0.0,0.0,0.0,0.0,0.0,0.0,0.0,0.0,1309888.0,3309493.95,191848.0,678884.8803,0.0,0.0,8055572.0,39060407.311,24.0,469.896,May
INDIAN BANK,4777.0,628.0,19898.0,15002.0,0.0,2849743.0,278858.0,33604279.0,206379.0,934194.80218,140497.0,1128391.52773,0.0,0.0,4051.0,33934.843,2717781.0,6828124.984,486580.0,1078017.057,118.0,408.183,17905107.0,89595030.71335001,8.0,4.9,May
INDIAN OVERSEAS BANK,2766.0,734.0,0.0,10579.0,0.0,469577.0,74106.0,18796495.0,74576.0,250085.47418,26614.0,104009.90213,0.0,0.0,2344.0,12203.3,2161990.0,5179723.20379,235390.0,666547.71751,0.0,0.0,11658191.0,52182363.5383,0.0,0.0,May
PUNJAB AND SIND BANK,1023.0,29.0,1025.0,1760.0,1171.0,188059.0,0.0,3569939.0,0.0,0.0,0.0,0.0,0.0,0.0,0.0,0.0,171614.0,467469.26246000006,48854.0,124286.0733,0.0,0.0,802421.0,4178580.9,0.0,0.0,May
PUNJAB NATIONAL BANK,7390.0,3949.0,26142.0,0.0,768214.0,1078844.0,615359.0,41372091.0,352528.0,1636894.55099,297881.0,1666788.27564,2.0,101.645,6084.0,19944.2,3759712.0,9951571.85647,986995.0,2468551.48756,0.0,0.0,23451369.0,125700870.3135,0.0,0.0,May
STATE BANK OF INDIA,27458.0,36105.0,1617832.0,50762.0,1024363.0,5373349.0,21109673.0,242521838.0,26147540.0,116044417.34160998,56138701.0,207847997.12675983,0.0,0.0,128994.0,571704.43418,28719288.0,73018460.73308,6530128.0,20752173.55955,699.0,10266.07159,149701646.0,837615330.79668,12461.0,11668.319120000002,May
UCO BANK,2390.0,225.0,10766.0,3568.0,179.0,1334721.0,0.0,13075865.0,0.0,0.0,0.0,0.0,0.0,0.0,0.0,0.0,832993.0,2200055.06254,245359.0,603551.27251,846.0,15330.130680000002,6194659.0,30620775.20364,49.0,33.7,May
UNION BANK OF INDIA,7706.0,1247.0,50642.0,8055.0,347069.0,288973.0,484857.0,56337605.0,509258.0,2251340.624,1725600.0,3170376.227,0.0,0.0,8087.0,36095.807,4043741.0,9444703.30694,1313320.0,2844530.26087,2360.0,9492.462,40713461.0,125499392.86,12.0,93.558,May
AXIS BANK LTD,6343.0,7739.0,2285286.0,369.0,622534.0,104586630.0,15060789.0,40158926.0,40166998.0,99763431.68615007,27554013.0,124783914.22541957,0.0,0.0,72042.0,398746.6,4048496.0,13754608.083200024,1831578.0,10430730.628570031,10203.0,272049.99,15854688.0,106919676.53,0.0,0.0,May
BANDHAN BANK LTD,433.0,5.0,69209.0,0.0,32209.0,0.0,6.0,6336115.0,2.0,3.41759,0.0,0.0,0.0,0.0,0.0,0.0,206987.0,691526.96851,52555.0,256772.69132,0.0,0.0,2145995.0,11856836.423,3.0,3.0,May
CITY UNION BANK LTD.,1234.0,514.0,7289.0,90015.0,0.0,80380.0,47740.0,3165443.0,53622.0,233384.02535000397,24039.0,245638.43193999896,0.0,0.0,192.0,1010.0,457973.0,1370427.24794,43698.0,118855.97593,0.0,0.0,2312261.0,14075087.15335,0.0,0.0,May
CSB BANK LTD.,760.0,38.0,0.0,0.0,18243.0,0.0,159835.0,925866.0,250587.0,718776.0361,1641018.0,1620078.566,0.0,0.0,0.0,0.0,123891.0,310191.21156,8050.0,30683.21572,0.0,0.0,371127.0,1948167.9,0.0,0.0,May
DCB BANK LTD,433.0,5.0,0.0,0.0,0.0,0.0,354.0,971448.0,807.0,4786.309969999999,457.0,3008.13913,0.0,0.0,16.0,88.5,75126.0,231808.40605,40449.0,181979.12411,190.0,6407.321,225827.0,1465557.534,0.0,0.0,May
DHANALAXMI BANK LTD,243.0,39.0,1535.0,0.0,0.0,38353.0,13222.0,592978.0,25845.0,66157.64644,7214.0,31173.2538,0.0,0.0,254.0,964.8,126257.0,276987.75001,5026.0,11465.45427,0.0,0.0,386286.0,1767633.4307,0.0,0.0,May
FEDERAL BANK LTD,1778.0,314.0,22779.0,0.0,0.0,5994434.0,1262333.0,14282752.0,2964472.0,7834916.887,1762058.0,10062123.73232,0.0,0.0,5383.0,26484.1,2616884.0,7508867.035,1145970.0,4094319.343,3031.0,39835.08,7115568.0,38869634.372,0.0,0.0,May
HDFC BANK LTD,12798.0,8603.0,1811639.0,2150.0,2346798.0,926453.0,24276236.0,60295192.0,86801025.0,189614639.49892,37724554.0,327857379.98738,0.0,0.0,161317.0,1099575.38656,8877198.0,34749484.6082,6398706.0,33521767.897060003,48753.0,765011.5877900001,32375071.0,230415032.781,33.0,42.126,May
ICICI BANK LTD,11371.0,3751.0,2117869.0,6246.0,602303.0,3780316.0,18268429.0,31869091.0,18504004.0,99239439.65974966,65795922.0,245910279.37773815,41.0,3054.143,55083.0,290967.348,4829798.0,21121759.332880024,3079041.0,19245218.74257992,5474.0,117031.211,13499490.0,105275358.147,0.0,0.0,May
IDBI BANK LTD,2368.0,687.0,13946.0,1407.0,0.0,425754.0,43577.0,12197939.0,79491.0,366014.7482,64042.0,295830.8707,0.0,0.0,532.0,3144.65864,1006644.0,2481500.718200026,193923.0,568131.798420004,0.0,0.0,4542869.0,24575681.346,87.0,30.485,May
IDFC FIRST BANK LTD,734.0,305.0,40617.0,7294.0,0.0,166061.0,3704375.0,6606865.0,12875859.0,22038808.182,2573138.0,17905998.352,0.0,0.0,22336.0,114708.9,588571.0,2323514.39102,298356.0,3544779.10709,0.0,0.0,3096836.0,18210601.36,0.0,0.0,May
INDUSIND BANK LTD,2028.0,1017.0,197311.0,0.0,12338.0,7671286.0,3189282.0,11123782.0,4233910.0,29990571.20729,9300065.0,60835849.468,0.0,0.0,22763.0,125411.574,610196.0,1904182.644,472629.0,2275583.38,935.0,84706.0101,3541817.0,21706868.133208,0.0,0.0,May
JAMMU AND KASHMIR BANK LTD,946.0,636.0,14475.0,1245.0,0.0,628000.0,130115.0,4974263.0,181841.0,1680125.62577,103672.0,397548.37291,0.0,0.0,10344.0,47715.42296,623964.0,1574564.54782,729190.0,489680.41126,0.0,0.0,4696300.0,27716919.959,0.0,0.0,May
KARNATAKA BANK LTD,950.0,545.0,11217.0,0.0,0.0,131489.0,0.0,5602206.0,0.0,0.0,0.0,0.0,0.0,0.0,0.0,0.0,694682.0,1488594.748,48313.0,156932.14785,0.0,0.0,3440838.0,17505906.864,0.0,0.0,May
KARUR VYSYA BANK LTD,1545.0,689.0,1395.0,0.0,0.0,45411.0,10368.0,5382607.0,23693.0,168944.59331,7978.0,122061.61502,0.0,0.0,390.0,3073.3,849433.0,2397018.7231000005,130042.0,583339.64472,0.0,0.0,3786335.0,19955580.47773,0.0,0.0,May
KOTAK MAHINDRA BANK LTD,1972.0,1217.0,75074.0,0.0,156854.0,726428.0,4866190.0,35491965.0,11836448.0,25191343.53369,4305846.0,37888242.30917,0.0,0.0,21828.0,112006.2702,1728166.0,4566951.183,1509017.0,4865244.965,0.0,0.0,9322496.0,50159877.83440998,0.0,0.0,May
NAINITAL BANK LTD,0.0,0.0,0.0,0.0,0.0,0.0,0.0,303243.0,0.0,0.0,0.0,0.0,0.0,0.0,0.0,0.0,12868.0,26308.67944,4104.0,11151.28591,0.0,0.0,60523.0,301192.2,0.0,0.0,May
RBL BANK LTD,378.0,37.0,2893565.0,0.0,1596.0,50448.0,4735288.0,1634861.0,4970659.0,27525747.74129,5631609.0,46788122.08014,0.0,0.0,24913.0,113671.00392,118567.0,405071.94603999984,67511.0,398086.0742399999,57.0,1996.236,426672.0,2384595.97002,0.0,0.0,May
SOUTH INDIAN BANK,910.0,366.0,13873.0,0.0,36823.0,104237.0,372063.0,3974122.0,556716.0,2258908.14499,605852.0,3982376.15581,0.0,0.0,0.0,0.0,915112.0,2598562.6913,161968.0,793193.96238,0.0,0.0,2563971.0,13809959.61,0.0,0.0,May
TAMILNAD MERCANTILE BANK LTD,785.0,745.0,2350.0,0.0,0.0,185214.0,28607.0,2483796.0,42062.0,189024.60914,18328.0,109981.54926,0.0,0.0,1897.0,8055.8,292089.0,1061486.042,27914.0,148969.50890000002,76.0,233.51,4435782.0,22572292.2,0.0,0.0,May
YES BANK LTD,1171.0,158.0,106262.0,84394.0,195764.0,517173709.0,2539528.0,5147508.0,10885712.0,19565155.19848,1167604.0,14425040.4699,0.0,0.0,9096.0,47193.7,447358.0,1372508.125,127416.0,791458.207,20.0,235.868,1855598.0,10733950.814,0.0,0.0,May
AMERICAN EXPRESS BANKING CORPORATION,0.0,0.0,14730.0,0.0,0.0,0.0,1417026.0,0.0,1672180.0,13567016.16,4213087.0,40419807.738,0.0,0.0,0.0,0.0,0.0,0.0,0.0,0.0,0.0,0.0,0.0,0.0,0.0,0.0,May
BANK OF AMERICA,0.0,0.0,0.0,0.0,0.0,0.0,0.0,0.0,0.0,0.0,0.0,0.0,0.0,0.0,0.0,0.0,0.0,0.0,0.0,0.0,0.0,0.0,0.0,0.0,0.0,0.0,May
BANK OF BAHRAIN & KUWAIT B.S.C.,0.0,0.0,0.0,0.0,0.0,0.0,0.0,992.0,0.0,0.0,0.0,0.0,0.0,0.0,0.0,0.0,908.0,2465.5669500000004,0.0,0.0,0.0,0.0,1325.0,6876.1,0.0,0.0,May
BARCLAYS BANK PLC,0.0,245.0,0.0,0.0,1.0,0.0,0.0,472.0,0.0,0.0,0.0,0.0,0.0,0.0,0.0,0.0,156.0,552.94993,0.0,0.0,0.0,0.0,513.0,4685.7,0.0,0.0,May
CITI BANK,0.0,0.0,0.0,0.0,0.0,0.0,240148.0,0.0,155555.0,923446.977130001,288624.0,4792260.071089841,0.0,0.0,430.0,3634.3,0.0,0.0,0.0,0.0,0.0,0.0,0.0,0.0,0.0,0.0,May
DBS INDIA BANK LTD,416.0,332.0,663.0,90.0,0.0,8444.0,444996.0,1653926.0,443556.0,2058889.92326,296333.0,2494035.74271,0.0,0.0,1661.0,5211.8,171630.0,453393.4612399996,72972.0,245123.3719599993,0.0,0.0,672313.0,3857313.325000083,0.0,0.0,May
DEUTSCHE BANK LTD,13.0,2.0,0.0,0.0,0.0,306.0,0.0,102940.0,0.0,0.0,0.0,0.0,0.0,0.0,0.0,0.0,22646.0,75558.75494000006,13789.0,51498.31675999997,0.0,0.0,25187.0,162963.999,0.0,0.0,May
DOHA BANK Q.P.S.C.,2.0,0.0,0.0,0.0,0.0,0.0,0.0,23054.0,0.0,0.0,0.0,0.0,0.0,0.0,0.0,0.0,571.0,1979.19081,153.0,521.6442,0.0,0.0,1541.0,8873.1,0.0,0.0,May
HSBC LTD,46.0,25.0,0.0,0.0,0.0,0.0,915980.0,805504.0,1107630.0,4120547.019650037,1861112.0,15730087.86806095,0.0,0.0,2923.0,22241.749460000006,275782.0,1319519.88705,0.0,0.0,0.0,0.0,245393.0,1547355.3807,0.0,0.0,May
KEB HANA BANK,1.0,0.0,0.0,0.0,0.0,0.0,0.0,1706.0,0.0,0.0,0.0,0.0,0.0,0.0,0.0,0.0,1464.0,4540.737,204.0,458.183,0.0,0.0,269.0,1736.5,0.0,0.0,May
KOOKMIN BANK,0.0,0.0,0.0,0.0,0.0,0.0,0.0,561.0,0.0,0.0,0.0,0.0,0.0,0.0,0.0,0.0,550.0,1678.03913,202.0,528.12833,0.0,0.0,98.0,631.0,0.0,0.0,May
SBM BANK INDIA LTD,0.0,0.0,0.0,0.0,0.0,6.0,714708.0,845542.0,155096.0,209157.13151999968,322592.0,429695.3032999996,0.0,0.0,1450.0,4091.77188,8062.0,22183.87353,8223.0,30141.99672,0.0,0.0,24911.0,84303.26005,0.0,0.0,May
STANDARD CHARTERED BANK LTD,106.0,41.0,0.0,0.0,0.0,0.0,823827.0,905486.0,877685.0,3338738.263820038,1029314.0,5590308.951930399,0.0,0.0,1575.0,11269.846910000002,259747.0,948001.3378399928,127677.0,488379.378990004,21.0,346.036,507516.0,2925272.55939,0.0,0.0,May
WOORI BANK,0.0,0.0,0.0,0.0,0.0,0.0,0.0,1373.0,0.0,0.0,0.0,0.0,0.0,0.0,0.0,0.0,1577.0,5994.134079999999,704.0,1629.648550000001,0.0,0.0,600.0,4969.6,0.0,0.0,May
AIRTEL PAYMENTS BANK,0.0,0.0,0.0,150594.0,0.0,1183942.0,0.0,6560119.0,0.0,0.0,0.0,0.0,0.0,0.0,0.0,0.0,93367.0,41414.07163,39751.0,64479.97495,0.0,0.0,436568.0,1728330.16224,0.0,0.0,May
FINO PAYMENTS BANK,0.0,0.0,0.0,455998.0,0.0,11088.0,0.0,10572119.0,0.0,0.0,0.0,0.0,0.0,0.0,0.0,0.0,129994.0,336204.00524,3442.0,7632.68618,0.0,0.0,2148568.0,7544248.03,1.0,1.0,May
INDIA POST PAYMENTS BANK,0.0,0.0,0.0,194607.0,0.0,2537439.0,0.0,25067886.0,0.0,0.0,0.0,0.0,0.0,0.0,0.0,0.0,0.0,0.0,214070.0,105355.68929,0.0,0.0,0.0,0.0,0.0,0.0,May
JIO PAYMENTS BANK ,0.0,0.0,0.0,0.0,0.0,124003.0,0.0,781310.0,0.0,0.0,0.0,0.0,0.0,0.0,0.0,0.0,14409.0,20412.53571,25398.0,86746.71403,1911.0,1047.41367,79736.0,384903.21,0.0,0.0,May
NSDL PAYMENTS BANK,0.0,0.0,0.0,301781.0,0.0,0.0,0.0,736461.0,0.0,0.0,0.0,0.0,0.0,0.0,0.0,0.0,14795.0,18234.17718,11245.0,21618.50143,0.0,0.0,393780.0,1028527.97,0.0,0.0,May
PAYTM PAYMENTS BANK,0.0,0.0,0.0,0.0,0.0,0.0,0.0,30591221.0,0.0,0.0,0.0,0.0,0.0,0.0,0.0,0.0,84.0,27.547,356.0,45.376,0.0,0.0,59.0,112.7,0.0,0.0,May
AU SMALL FINANCE BANK LTD,671.0,6.0,0.0,851.0,0.0,347319.0,990149.0,8845897.0,893027.0,4623796.99682,2219032.0,5089649.58166,309.0,144.991,2414.0,12948.4,168350.0,457797.460299999,158245.0,635499.8907600109,140.0,1713.876,1317850.0,6954572.389,0.0,0.0,May
CAPITAL SMALL FINANCE BANK LTD,194.0,2.0,0.0,0.0,0.0,0.0,0.0,237355.0,0.0,0.0,0.0,0.0,0.0,0.0,0.0,0.0,23358.0,85419.60427,2544.0,16482.862,0.0,0.0,108162.0,652809.685,0.0,0.0,May
EQUITAS SMALL FINANCE BANK LTD,372.0,4.0,2511.0,336.0,60099.0,0.0,808.0,1329407.0,2999.0,14606.531170000004,1135.0,9199.836399999997,0.0,0.0,42.0,225.4,96045.0,238243.73192,22482.0,111506.22595,0.0,0.0,2010302.0,5923992.993,0.0,0.0,May
ESAF SMALL FINANCE BANK LTD,712.0,3.0,0.0,4802.0,0.0,0.0,1814.0,5838026.0,1772.0,4770.898020000005,8743.0,4388.881860000004,0.0,0.0,1.0,3.0,133190.0,279718.72663999995,9546.0,33898.745,0.0,0.0,724499.0,3596256.355,0.0,0.0,May
JANA SMALL FINANCE BANK LTD,58.0,3.0,0.0,173.0,0.0,508539.0,0.0,3922347.0,0.0,0.0,0.0,0.0,0.0,0.0,0.0,0.0,38156.0,90060.15193,6411.0,25845.95098,0.0,0.0,422128.0,1796104.76329,0.0,0.0,May
SLICE SMALL FINANCE BANK LTD,15.0,1.0,0.0,0.0,0.0,0.0,0.0,1160984.0,0.0,0.0,0.0,0.0,0.0,0.0,0.0,0.0,3978.0,7521.25249,13553.0,65836.53229,0.0,0.0,183015.0,364521.1,108.0,262.9362,May
SHIVALIK SMALL FINANCE BANK LTD,0.0,0.0,0.0,0.0,0.0,0.0,0.0,43097.0,0.0,0.0,0.0,0.0,0.0,0.0,0.0,0.0,2568.0,7003.04905,1956.0,9104.944379999995,0.0,0.0,22658.0,120542.14,0.0,0.0,May
SURYODAY SMALL FINANCE BANK LTD,0.0,0.0,0.0,67.0,0.0,0.0,1207.0,874126.0,320.0,825.5359300000001,2072.0,2062.89915,0.0,0.0,0.0,0.0,7398.0,14219.634,1267.0,8822.701,0.0,0.0,65183.0,298916.758,0.0,0.0,May
UJJIVAN SMALL FINANCE BANK LTD,609.0,4.0,0.0,0.0,0.0,554535.0,0.0,7003918.0,0.0,0.0,0.0,0.0,0.0,0.0,0.0,0.0,135144.0,296703.6129,33181.0,121707.96194,0.0,0.0,2929177.0,12128678.776,4.0,4.6,May
UNITY SMALL FINANCE BANK LTD,192.0,0.0,0.0,0.0,0.0,0.0,2042.0,90356.0,680.0,5198.16364,1185.0,12525.21072,0.0,0.0,0.0,8.8,8326.0,17533.957490000015,1061.0,5011.470800000001,0.0,0.0,34421.0,156863.82,0.0,0.0,May
UTKARSH SMALL FINANCE BANK LTD,361.0,7.0,0.0,772.0,0.0,40159.0,127276.0,1711820.0,10548.0,13693.86735,44410.0,40432.43952,1033321.0,186230.999,348.0,442.8,14344.0,43445.743590000005,5008.0,22892.24523,0.0,0.0,125988.0,719135.332,0.0,0.0,May
BANK OF BARODA,9040.0,2498.0,54887.0,42137.0,26224.0,2983462.0,3017590.0,88552687.0,8625511.0,16207345.33085,3520747.0,17174117.13137,0.0,0.0,10707.0,58571.7,2594375.0,6356496.438370001,287268.0,1965863.12351,16.0,36.32,21474513.0,110674730.936,1.0,0.5,October
BANK OF INDIA,5201.0,2495.0,18883.0,25091.0,0.0,1374841.0,91099.0,37628970.0,106631.0,568808.0519,294039.0,550945.597,0.0,0.0,7197.0,39092.309,1846063.0,4223740.642,293701.0,785719.074,0.0,0.0,13817627.0,60236399.479,0.0,0.0,October
BANK OF MAHARASHTRA,2342.0,248.0,290.0,6009.0,355014.0,957020.0,0.0,14022809.0,0.0,0.0,0.0,0.0,0.0,0.0,0.0,0.0,921705.0,2115045.474,117247.0,406078.11677,5900.0,62158.08569,5664492.0,28729737.35946,0.0,0.0,October
CANARA BANK,7454.0,3406.0,87785.0,11667.0,0.0,3648379.0,1079664.0,60710315.0,1051271.0,4356022.95586,502582.0,2953496.0279,0.0,0.0,83995.0,494104.9,4788659.0,13695079.26847,741272.0,3467690.45941,4333.0,83313.788,27536106.0,138943861.35,3.0,0.82,October
CENTRAL BANK OF INDIA,2953.0,1223.0,3314.0,2676.0,38138.0,1922298.0,0.0,29851001.0,0.0,0.0,0.0,0.0,0.0,0.0,0.0,0.0,974376.0,2751559.07934,157322.0,597025.603,0.0,0.0,7218659.0,35291596.939,29.0,414.816,October
INDIAN BANK,4957.0,643.0,23534.0,15931.0,0.0,2686272.0,270742.0,35139646.0,174193.0,820127.4454,131793.0,948241.382,0.0,0.0,3811.0,31676.076,2404303.0,5989316.50255,349426.0,943769.004,113.0,346.54,17301927.0,88155333.01956,5.0,5.8,October
INDIAN OVERSEAS BANK,2879.0,731.0,0.0,11650.0,0.0,537772.0,114961.0,20696743.0,309568.0,623179.01324,51402.0,177103.51291999998,0.0,0.0,5368.0,27815.1,1920502.0,4442096.03533,202018.0,576731.25189,0.0,0.0,11102777.0,51106957.92518,0.0,0.0,October
PUNJAB AND SIND BANK,1075.0,38.0,1151.0,1955.0,1311.0,213446.0,0.0,3500259.0,0.0,0.0,0.0,0.0,0.0,0.0,0.0,0.0,41976.0,133720.58,177943.0,474004.144,0.0,0.0,1177297.0,6114515.8,0.0,0.0,October
PUNJAB NATIONAL BANK,7310.0,3843.0,23724.0,0.0,353672.0,1405898.0,681117.0,40865303.0,350410.0,1662440.10431,290401.0,1577957.40949,4.0,283.498,5946.0,20519.2,3297792.0,9032985.00887,713298.0,1916655.19144,0.0,0.0,21545339.0,113543168.0,0.0,0.0,October
STATE BANK OF INDIA,28627.0,34222.0,1741039.0,51883.0,1034114.0,5763538.0,21739203.0,248607676.0,24738600.0,122397734.03161004,64746031.0,216959339.17073008,0.0,0.0,124450.0,551377.68779,25777750.0,67377761.40448,5778232.0,19266655.5543,623.0,9143.44218,145528196.0,809406305.41591,9123.0,8481.928240000001,October
UCO BANK,2384.0,218.0,10595.0,3568.0,145.0,1435792.0,0.0,13781352.0,0.0,0.0,0.0,0.0,0.0,0.0,0.0,0.0,734334.0,2037990.79536,197059.0,547763.40388,740.0,13793.94872,6007009.0,29823517.878,27.0,13.2,October
UNION BANK OF INDIA,7878.0,1198.0,55047.0,8095.0,390315.0,292822.0,494633.0,57728932.0,491791.0,2211137.252,1892797.0,3285422.462,0.0,0.0,8487.0,38732.29,3529101.0,8517366.642590001,902406.0,2390236.20029,2279.0,9029.227,40195800.0,121249609.178,13.0,6.978,October
AXIS BANK LTD,6609.0,6172.0,2398407.0,0.0,515307.0,116758715.0,15570286.0,41738703.0,44513421.0,99313065.29786947,26590432.0,105950880.73954009,0.0,0.0,69533.0,395257.05468,3451494.0,13203752.34023001,1542276.0,9837025.840519998,9849.0,256659.535,15031457.0,104192025.863,0.0,0.0,October
BANDHAN BANK LTD,416.0,5.0,71630.0,0.0,40348.0,0.0,6.0,6615246.0,1.0,4.4,7.0,6.505,43.0,11.51784,0.0,0.0,175492.0,624952.82311,42308.0,211167.96077,0.0,0.0,1955927.0,11244614.396,11.0,8.0,October
CITY UNION BANK LTD.,1255.0,429.0,6992.0,44774.0,0.0,70247.0,54961.0,3310843.0,51460.0,262689.147,24485.0,278946.2124499991,0.0,0.0,223.0,1327.4,380303.0,1122524.4559399998,34131.0,99884.85419,0.0,0.0,2017619.0,12307408.39848,0.0,0.0,October
CSB BANK LTD.,778.0,37.0,0.0,0.0,19872.0,0.0,180705.0,966016.0,245171.0,660393.5289800001,1985226.0,1774593.43958,0.0,0.0,0.0,0.0,102437.0,270215.98397,6938.0,43123.75342,0.0,0.0,361465.0,1949596.5,0.0,0.0,October
DCB BANK LTD,437.0,5.0,0.0,0.0,0.0,0.0,4135.0,1200055.0,2273.0,9061.88643,2697.0,12693.52323,0.0,0.0,58.0,395.0,72180.0,237054.81423,51217.0,203235.96714,176.0,4910.679,220669.0,1479733.41,0.0,0.0,October
DHANALAXMI BANK LTD,243.0,39.0,1624.0,0.0,0.0,41737.0,14680.0,614682.0,26511.0,67171.95015,7573.0,33156.6884,0.0,0.0,297.0,967.3,106396.0,230808.65361,3357.0,8674.59126,0.0,0.0,385065.0,1749026.80632,0.0,0.0,October
FEDERAL BANK LTD,1803.0,285.0,24812.0,300.0,0.0,6212469.0,1835091.0,14738818.0,3566850.0,8873279.056380002,4138889.0,12627546.00474,0.0,0.0,5522.0,26444.02814,2084722.0,6155471.60683,933696.0,3859567.48155,2924.0,42732.69332,6684432.0,36182552.346,0.0,0.0,October
HDFC BANK LTD,12986.0,8176.0,1779284.0,1949.0,2180595.0,1049680.5,25638326.0,61967795.0,95978157.0,232927959.15158,37944504.0,322594751.86533004,0.0,0.0,159693.0,1107664.51422,7631324.0,33601401.29763,5573944.0,31808679.00157,41780.0,854779.9534500001,29932285.0,217382045.567,18.0,17.7,October
ICICI BANK LTD,9184.0,2610.0,2263828.0,6218.0,605779.0,3888325.0,18583024.0,31802615.0,17183484.0,106676759.67249008,69791667.0,234917701.0616192,112.0,9861.321,54219.0,297721.612,4155395.0,20746566.77218004,2695454.0,16966524.708730005,4042.0,91721.633,11683095.0,94313073.572,0.0,0.0,October
IDBI BANK LTD,2376.0,624.0,13761.0,1895.0,0.0,431614.0,45700.0,11753311.0,74275.0,358796.5957,70859.0,313433.1347,0.0,0.0,526.0,3068.88315,824874.0,2111378.819239951,150725.0,502341.7724499992,0.0,0.0,4117447.0,22346733.234,105.0,37.005,October
IDFC FIRST BANK LTD,771.0,209.0,38242.0,7308.0,0.0,217956.0,4221971.0,6779767.0,15103318.0,24495559.873,2738581.0,19822313.94,0.0,0.0,21090.0,107971.8,545175.0,2186034.33002,425673.0,2466971.32638,0.0,0.0,2851072.0,17223658.111,0.0,0.0,October
INDUSIND BANK LTD,2061.0,999.0,127594.0,0.0,12203.0,6753619.0,3140333.0,11697005.0,3957321.0,24980315.892,8970738.0,26530889.584,0.0,0.0,19607.0,106845.937,510697.0,1691213.139,393728.0,2194032.983,886.0,83631.692,3744673.0,19537811.714503,0.0,0.0,October
JAMMU AND KASHMIR BANK LTD,959.0,640.0,14084.0,1314.0,0.0,655494.0,133417.0,5187442.0,171382.0,1631129.30854,90772.0,375302.22479,0.0,0.0,9470.0,46497.91766,594465.0,1568890.0100399998,419162.0,406174.61658,0.0,0.0,4528651.0,26146977.575,0.0,0.0,October
KARNATAKA BANK LTD,959.0,509.0,8801.0,0.0,0.0,139088.0,0.0,5614535.0,0.0,0.0,0.0,0.0,0.0,0.0,0.0,0.0,565543.0,1185035.95269,47462.0,141564.82896,0.0,0.0,3148862.0,16111652.254,0.0,0.0,October
KARUR VYSYA BANK LTD,1577.0,629.0,509.0,0.0,0.0,46882.0,9780.0,5486402.0,20995.0,149996.98644,8325.0,121238.20343,0.0,0.0,490.0,3946.0,702434.0,1854043.659640001,102278.0,496268.2856099999,0.0,0.0,3479825.0,18640909.43916,0.0,0.0,October
KOTAK MAHINDRA BANK LTD,1998.0,743.0,82051.0,0.0,168035.0,801031.0,4579674.0,35844227.0,13594203.0,26186779.52583,3832256.0,32632238.97748,0.0,0.0,25903.0,136094.19494999998,1617273.0,4661102.018,1568153.0,5404564.467,0.0,0.0,8782108.0,48816765.02284999,0.0,0.0,October
NAINITAL BANK LTD,0.0,0.0,0.0,0.0,0.0,0.0,0.0,325814.0,0.0,0.0,0.0,0.0,0.0,0.0,0.0,0.0,10664.0,22944.58277,3178.0,9666.36689,0.0,0.0,55997.0,291753.8,0.0,0.0,October
RBL BANK LTD,379.0,36.0,2268381.0,0.0,1685.0,52997.0,4576052.0,1653655.0,4393407.0,24602342.51395,5990730.0,43261125.8486,0.0,0.0,32551.0,170119.3364,108189.0,373496.76133,65588.0,459409.25226,71.0,6693.576,378415.0,2170389.825,0.0,0.0,October
SOUTH INDIAN BANK,910.0,359.0,14030.0,0.0,34232.0,110465.0,356467.0,4110545.0,466983.0,1968860.45974,575684.0,3447551.7241800004,0.0,0.0,0.0,0.0,730186.0,2125418.4324000003,135944.0,778372.6830900001,0.0,0.0,2431524.0,12856131.607,0.0,0.0,October
TAMILNAD MERCANTILE BANK LTD,508.0,645.0,1423.0,0.0,0.0,196790.0,18352.0,2571556.0,37211.0,176844.25638,15282.0,97198.49653,0.0,0.0,1822.0,7428.78526,241075.0,883095.32885,23092.0,128401.56766,60.0,183.429,4011296.0,20989684.0,0.0,0.0,October
YES BANK LTD,1212.0,124.0,103133.0,77882.0,114033.0,561675415.0,2723676.0,5376894.0,12894520.0,21810347.56971,1272855.0,14588828.21992,0.0,0.0,9069.0,47820.7,376333.0,1286907.8815799935,99334.0,703763.8618999963,27.0,200.936,1635804.0,10171227.034,0.0,0.0,October
AMERICAN EXPRESS BANKING CORPORATION,0.0,0.0,11239.0,0.0,0.0,0.0,1343121.0,0.0,1718626.0,16824353.072,4247939.0,39690426.284,0.0,0.0,0.0,0.0,0.0,0.0,0.0,0.0,0.0,0.0,0.0,0.0,0.0,0.0,October
BANK OF AMERICA,0.0,0.0,0.0,0.0,0.0,0.0,0.0,0.0,0.0,0.0,0.0,0.0,0.0,0.0,0.0,0.0,0.0,0.0,0.0,0.0,0.0,0.0,0.0,0.0,0.0,0.0,October
BANK OF BAHRAIN & KUWAIT B.S.C.,0.0,0.0,0.0,0.0,0.0,0.0,0.0,1123.0,0.0,0.0,0.0,0.0,0.0,0.0,0.0,0.0,678.0,2433.82064,24.0,17.69113,0.0,0.0,1090.0,5714.7,0.0,0.0,October
BARCLAYS BANK PLC,0.0,0.0,0.0,0.0,1.0,0.0,0.0,516.0,0.0,0.0,0.0,0.0,0.0,0.0,0.0,0.0,57.0,393.59177,0.0,0.0,0.0,0.0,486.0,4480.0,0.0,0.0,October
CITI BANK,0.0,0.0,0.0,0.0,0.0,0.0,261063.0,0.0,175037.0,1337207.9350700362,339598.0,3947895.712139405,0.0,0.0,494.0,4025.1,0.0,0.0,0.0,0.0,0.0,0.0,0.0,0.0,0.0,0.0,October
DBS INDIA BANK LTD,413.0,325.0,674.0,87.0,0.0,8910.0,399961.0,1626470.0,358528.0,1654611.26182,255778.0,2171773.0824,0.0,0.0,1352.0,4087.9,133241.0,373850.03883999854,57917.0,215891.6096500001,0.0,0.0,591680.0,3551572.0900000418,0.0,0.0,October
DEUTSCHE BANK LTD,12.0,3.0,0.0,0.0,0.0,291.0,0.0,99466.0,0.0,0.0,0.0,0.0,0.0,0.0,0.0,0.0,18565.0,69838.24779999994,14803.0,52908.20586000018,0.0,0.0,22335.0,144018.038,0.0,0.0,October
DOHA BANK Q.P.S.C.,2.0,0.0,0.0,0.0,0.0,0.0,0.0,23410.0,0.0,0.0,0.0,0.0,0.0,0.0,0.0,0.0,487.0,1923.99337,138.0,489.69244,0.0,0.0,1316.0,7959.2,0.0,0.0,October
HSBC LTD,47.0,25.0,0.0,0.0,0.0,0.0,964475.0,878066.0,1113119.0,4811743.989119905,2514300.0,10838112.18771025,0.0,0.0,2697.0,18199.89438,273080.0,1569635.7308600002,0.0,0.0,0.0,0.0,239880.0,1542417.66807,0.0,0.0,October
KEB HANA BANK,1.0,0.0,0.0,0.0,0.0,0.0,0.0,1816.0,0.0,0.0,0.0,0.0,0.0,0.0,0.0,0.0,719.0,2535.448,72.0,250.973,0.0,0.0,204.0,1427.2,0.0,0.0,October
KOOKMIN BANK,0.0,0.0,0.0,0.0,0.0,0.0,0.0,593.0,0.0,0.0,0.0,0.0,0.0,0.0,0.0,0.0,296.0,726.58054,118.0,283.60953,0.0,0.0,63.0,402.1,0.0,0.0,October
SBM BANK INDIA LTD,0.0,0.0,0.0,0.0,0.0,108.0,792243.0,849295.0,140367.0,198953.49384999977,333942.0,430128.7045400002,0.0,0.0,1435.0,3959.31875,7830.0,27073.06215,8819.0,36172.99395999999,0.0,0.0,28606.0,93656.11319,0.0,0.0,October
STANDARD CHARTERED BANK LTD,100.0,36.0,0.0,0.0,0.0,0.0,713257.0,852714.0,731431.0,2779152.240799986,864995.0,4587091.155480135,0.0,0.0,1351.0,9429.65075,195864.0,864920.9255099854,106365.0,454311.7201899867,27.0,474.598,393200.0,2346178.3922,0.0,0.0,October
WOORI BANK,0.0,0.0,0.0,0.0,0.0,0.0,0.0,1448.0,0.0,0.0,0.0,0.0,0.0,0.0,0.0,0.0,1483.0,5580.48569,785.0,2690.85234,0.0,0.0,0.0,0.0,0.0,0.0,October
AIRTEL PAYMENTS BANK,0.0,0.0,0.0,157941.0,0.0,1200890.0,0.0,8852715.0,0.0,0.0,0.0,0.0,0.0,0.0,0.0,0.0,1187250.0,58297.68959,25581.0,30698.88616,0.0,0.0,565000.0,2117734.684,0.0,0.0,October
FINO PAYMENTS BANK,0.0,0.0,0.0,466703.0,0.0,10660.0,0.0,10697383.0,0.0,0.0,0.0,0.0,0.0,0.0,0.0,0.0,105522.0,209422.79571,1683.0,4570.14757,0.0,0.0,1947053.0,6653266.378,0.0,0.0,October
INDIA POST PAYMENTS BANK,0.0,0.0,0.0,191397.0,0.0,3015423.0,0.0,30371748.0,0.0,0.0,0.0,0.0,0.0,0.0,0.0,0.0,0.0,0.0,87438.0,92245.91878,0.0,0.0,0.0,0.0,0.0,0.0,October
JIO PAYMENTS BANK ,0.0,0.0,0.0,0.0,0.0,153654.0,0.0,1410728.0,0.0,0.0,0.0,0.0,0.0,0.0,0.0,0.0,15549.0,44488.31702,38185.0,346125.75553,2455.0,1566.2578999999998,157614.0,927267.58,0.0,0.0,October
NSDL PAYMENTS BANK,0.0,0.0,0.0,281317.0,0.0,0.0,0.0,2550143.0,0.0,0.0,0.0,0.0,0.0,0.0,0.0,0.0,17123.0,31385.33449,13248.0,35768.20719,0.0,0.0,470768.0,1363916.1,0.0,0.0,October
PAYTM PAYMENTS BANK,0.0,0.0,0.0,0.0,0.0,0.0,0.0,30580792.0,0.0,0.0,0.0,0.0,0.0,0.0,0.0,0.0,68.0,21.669970000000003,178.0,18.824,0.0,0.0,38.0,131.3,0.0,0.0,October
AU SMALL FINANCE BANK LTD,727.0,6.0,0.0,859.0,0.0,366613.0,947078.0,9049785.0,768898.0,4153161.61519,2520079.0,5740694.78123,28.0,16.322,2888.0,18410.7,151985.0,458568.48745999904,135457.0,635682.4414600229,151.0,2272.299,1233983.0,6688327.409,0.0,0.0,October
CAPITAL SMALL FINANCE BANK LTD,200.0,2.0,0.0,0.0,0.0,0.0,0.0,231243.0,0.0,0.0,0.0,0.0,0.0,0.0,0.0,0.0,23416.0,81764.25779999999,1775.0,11915.39938,0.0,0.0,110652.0,680935.2,0.0,0.0,October
EQUITAS SMALL FINANCE BANK LTD,386.0,4.0,2677.0,349.0,61534.0,0.0,6454.0,1213286.0,39406.0,92861.66917,4361.0,53181.54224,0.0,0.0,184.0,1227.9,74898.0,195172.35259,14823.0,85437.75496,0.0,0.0,1747807.0,5087808.666,0.0,0.0,October
ESAF SMALL FINANCE BANK LTD,718.0,2.0,0.0,5215.0,0.0,0.0,5812.0,5662343.0,3566.0,8654.55471999999,34017.0,26644.952020000022,0.0,0.0,18.0,41.8,112382.0,247948.20017000003,7950.0,35125.22634,0.0,0.0,724119.0,3765073.427,0.0,0.0,October
JANA SMALL FINANCE BANK LTD,57.0,5.0,0.0,173.0,0.0,514578.0,0.0,4218106.0,0.0,0.0,0.0,0.0,0.0,0.0,0.0,0.0,35276.0,83509.14092,5935.0,17791.59906,0.0,0.0,537606.0,1929504.75295,0.0,0.0,October
SLICE SMALL FINANCE BANK LTD,3.0,0.0,0.0,0.0,0.0,3935.0,45928.0,3160212.0,613957.0,426213.56318,134469.0,242962.08117,0.0,0.0,0.0,0.0,7589.0,19013.6586,19784.0,95251.80993,0.0,0.0,60090.0,310865.7,2934.0,10905.335,October
SHIVALIK SMALL FINANCE BANK LTD,0.0,0.0,0.0,0.0,0.0,0.0,0.0,36891.0,0.0,0.0,0.0,0.0,0.0,0.0,0.0,0.0,1478.0,4750.895580000004,637.0,2906.13539,0.0,0.0,14304.0,80543.972,0.0,0.0,October
SURYODAY SMALL FINANCE BANK LTD,0.0,0.0,0.0,67.0,0.0,0.0,14043.0,921035.0,3189.0,9470.16627,8983.0,21182.36555000001,0.0,0.0,22.0,106.3,6615.0,12177.451,1340.0,8405.89,0.0,0.0,69777.0,327222.567,0.0,0.0,October
UJJIVAN SMALL FINANCE BANK LTD,609.0,4.0,0.0,0.0,0.0,558961.0,0.0,6299521.0,0.0,0.0,0.0,0.0,0.0,0.0,0.0,0.0,116795.0,276433.27787999995,20901.0,104231.63744,0.0,0.0,2907274.0,12388840.744,0.0,0.0,October
UNITY SMALL FINANCE BANK LTD,186.0,0.0,0.0,0.0,0.0,0.0,101663.0,114026.0,29494.0,81091.49011,56174.0,176309.9744,0.0,0.0,956.0,3095.1,8068.0,23369.68929,1141.0,7224.11025,0.0,0.0,40226.0,202777.545,0.0,0.0,October
UTKARSH SMALL FINANCE BANK LTD,357.0,7.0,0.0,783.0,0.0,41468.0,230864.0,1556676.0,15114.0,23041.574350000003,58101.0,61041.999950000005,2290251.0,586794.4449,524.0,566.9,17562.0,60530.00274999999,3471.0,24959.885809999992,1.0,0.1,150044.0,944016.72625,0.0,0.0,October
BANK OF BARODA,8994.0,2485.0,55816.0,42317.0,25909.0,2896596.0,2992464.0,88587123.0,8661335.0,17861049.735669997,3580262.0,18436627.48143,0.0,0.0,11372.0,61750.4,2819405.0,7703961.428,289522.0,2140503.7,14.0,35.4,22953575.0,120543772.489,2.0,1.2,October
BANK OF INDIA,5199.0,2497.0,18827.0,25038.0,0.0,1353550.0,89273.0,37693197.0,116818.0,568808.0519,275126.0,558362.2997000001,0.0,0.0,6905.0,37146.91378,2006379.0,5220249.56179,311329.0,843496.77464,0.0,0.0,14595109.0,64661749.6255,0.0,0.0,October
BANK OF MAHARASHTRA,2334.0,249.0,193.0,5955.0,355014.0,954511.0,0.0,13981651.0,0.0,0.0,0.0,0.0,0.0,0.0,0.0,0.0,1044458.0,2930352.92979,125097.0,388160.6984,6211.0,65242.5896,6142141.0,31722473.14234,0.0,0.0,October
CANARA BANK,7400.0,3502.0,87955.0,11363.0,0.0,3996958.0,1065198.0,60760235.0,1131162.0,4859718.9921200005,527584.0,3018595.31214,0.0,0.0,87205.0,515939.0,5233829.0,17695492.42321,775497.0,3730294.75186,4676.0,91938.185,28731555.0,146925966.905,2.0,1.14828,October
CENTRAL BANK OF INDIA,2950.0,1218.0,3237.0,2614.0,38138.0,2031740.0,0.0,29656837.0,0.0,0.0,0.0,0.0,0.0,0.0,0.0,0.0,1024361.0,3292403.4557,199582.0,837091.5188,0.0,0.0,7683485.0,38026640.668,23.0,424.808,October
INDIAN BANK,4936.0,642.0,21796.0,15742.0,0.0,2604386.0,271950.0,34706717.0,191841.0,976943.2028,137379.0,1034053.6676,0.0,0.0,3787.0,30898.84,2802691.0,8172445.65994,378301.0,1060644.412,137.0,437.775,18542762.0,96787091.54086,5.0,3.5,October
INDIAN OVERSEAS BANK,2865.0,729.0,0.0,11527.0,0.0,510676.0,105681.0,20396874.0,307883.0,662747.10476,54402.0,180766.92834,0.0,0.0,5079.0,26629.9,2167013.0,5744448.25906,214924.0,641372.15983,0.0,0.0,11510620.0,54407709.95729,0.0,0.0,October
PUNJAB AND SIND BANK,1049.0,35.0,1136.0,1885.0,1296.0,206998.0,0.0,3457250.0,0.0,0.0,0.0,0.0,0.0,0.0,0.0,0.0,48646.0,167895.473,195103.0,564747.485,0.0,0.0,1285569.0,6561345.0,0.0,0.0,October
PUNJAB NATIONAL BANK,7285.0,3864.0,24323.0,0.0,352303.0,1375107.0,667506.0,41548379.0,372139.0,1863478.32731,304179.0,1728414.76461,3.0,261.093,6110.0,20979.0,3544635.0,10949663.977209998,776763.0,2188788.89779,0.0,0.0,23117753.0,122100213.0,0.0,0.0,October
STATE BANK OF INDIA,28709.0,34150.0,1688214.0,52534.0,1027992.0,5698385.0,21629678.0,247475023.0,26852945.0,143837531.612,66029871.0,256151391.052,0.0,0.0,133423.0,596902.527,27731738.0,83476471.41149001,6641421.0,27328113.78712,632.0,9316.26565,153285375.0,855373067.10102,9115.0,8145.865849999999,October
UCO BANK,2381.0,216.0,10700.0,3568.0,148.0,1422575.0,0.0,13576636.0,0.0,0.0,0.0,0.0,0.0,0.0,0.0,0.0,797828.0,2643937.54035,219455.0,608479.67523,737.0,15744.69325,6274468.0,31246392.06505,46.0,26.51534,October
UNION BANK OF INDIA,7864.0,1198.0,54224.0,8087.0,382947.0,292376.0,469972.0,57420267.0,508263.0,2411250.721,1824307.0,3301742.291,0.0,0.0,7853.0,36457.737,3826596.0,10577539.30124,933949.0,2657714.02099,2126.0,8775.434,41559292.0,128388926.96,20.0,3.801,October
AXIS BANK LTD,6550.0,6233.0,2373258.0,0.0,530417.0,114639236.0,15504019.0,41717408.0,45161580.0,120983097.69830044,31056642.0,123086049.56454995,0.0,0.0,73799.0,427244.24741,3778929.0,17683050.02709003,1676575.0,10463233.614049995,10388.0,271700.088,16218316.0,111916848.038,0.0,0.0,October
BANDHAN BANK LTD,416.0,5.0,71275.0,0.0,38701.0,0.0,6.0,6587003.0,2.0,0.48266,9.0,2.03791,0.0,0.0,0.0,0.0,183351.0,783800.8975100004,54808.0,245797.36306,0.0,0.0,1971716.0,11349738.78,11.0,6.5,October
CITY UNION BANK LTD.,1251.0,448.0,7008.0,59438.0,0.0,68710.0,55517.0,3287944.0,61702.0,320656.6050300033,24674.0,258286.42784999908,0.0,0.0,338.0,1275.3,460592.0,1582119.54011,35135.0,106952.52935,0.0,0.0,2142118.0,13480848.90841,0.0,0.0,October
CSB BANK LTD.,776.0,37.0,0.0,0.0,19579.0,0.0,176011.0,959970.0,254952.0,729773.9874600001,1968380.0,1854706.95128,0.0,0.0,0.0,0.0,110054.0,293025.3458,7453.0,40225.74101,0.0,0.0,372158.0,2031617.5,0.0,0.0,October
DCB BANK LTD,436.0,5.0,0.0,0.0,0.0,0.0,1176.0,1161005.0,1612.0,8908.55882,1408.0,10546.09279,0.0,0.0,56.0,361.0,78020.0,284539.45180000004,54607.0,214473.23788,176.0,5061.118,229504.0,1539239.635,0.0,0.0,October
DHANALAXMI BANK LTD,243.0,38.0,1594.0,0.0,0.0,41551.0,14539.0,608848.0,27917.0,73097.47028,7912.0,34178.21754,0.0,0.0,327.0,1118.7,111027.0,249275.6589100001,3557.0,10473.76102,0.0,0.0,382392.0,1756816.46243,0.0,0.0,October
FEDERAL BANK LTD,1798.0,289.0,24074.0,0.0,0.0,6153509.0,1713834.0,14687490.0,3546734.0,9751232.209,2000792.0,11287806.65141,0.0,0.0,5718.0,27446.38126,2194167.0,6909833.695,996621.0,4170253.413,3176.0,45213.73507,6861047.0,37485872.569,0.0,0.0,October
HDFC BANK LTD,12954.0,8475.0,1779617.0,1995.0,2276262.0,1026115.0,25429466.0,61808647.0,97990981.0,271985609.27771,40754562.0,347568503.87772006,0.0,0.0,170910.0,1192617.56264,8387407.0,45239402.82139002,5843086.0,34693432.704320006,43118.0,837959.08041,32612269.0,237116795.52332,27.0,28.7,October
ICICI BANK LTD,8628.0,2607.0,2254141.0,6225.0,605424.0,3872028.0,18476537.0,31688980.0,18695338.0,129011187.2944896,70952596.0,266526452.3487891,114.0,10275.114,58895.0,324219.772,4582474.0,28638505.530910064,2839131.0,18767722.50316996,4046.0,86231.409,13058400.0,105219190.273,0.0,0.0,October
IDBI BANK LTD,2352.0,639.0,13830.0,1687.0,0.0,407303.0,45542.0,11812198.0,86385.0,458808.20376,75963.0,339174.92804,0.0,0.0,493.0,3073.8983900000003,923988.0,2688320.348049988,159807.0,558869.1403399972,0.0,0.0,4464883.0,24579867.466,165.0,48.464,October
IDFC FIRST BANK LTD,762.0,209.0,38801.0,7281.0,0.0,207503.0,4141804.0,6793406.0,15115613.0,28584375.511,2883464.0,21182683.961,0.0,0.0,22833.0,118887.2,581690.0,2855409.20854,334965.0,2738979.86338,0.0,0.0,3084162.0,18627842.593,0.0,0.0,October
INDUSIND BANK LTD,2059.0,1003.0,127876.0,0.0,12214.0,6700485.0,3178907.0,11518072.0,4180216.0,26891561.042,9350976.0,26980280.794,0.0,0.0,20710.0,114718.786,561821.0,2110778.025,463809.0,2637844.031,827.0,69505.83988,3860718.0,21488015.461745,0.0,0.0,October
JAMMU AND KASHMIR BANK LTD,955.0,638.0,14072.0,1319.0,0.0,645682.0,139778.0,5172912.0,185724.0,1827657.4435600005,98694.0,421904.08371,0.0,0.0,11048.0,54583.70802,638016.0,1845115.2335,450350.0,483917.50852,0.0,0.0,4872397.0,28488759.988,0.0,0.0,October
KARNATAKA BANK LTD,958.0,515.0,8711.0,0.0,0.0,138019.0,0.0,5657194.0,0.0,0.0,0.0,0.0,0.0,0.0,0.0,0.0,616983.0,1467962.5949699995,45004.0,148821.81449000002,0.0,0.0,3321449.0,16959786.584,0.0,0.0,October
KARUR VYSYA BANK LTD,1573.0,643.0,60.0,0.0,0.0,46635.0,9900.0,5524689.0,23885.0,173436.29867000002,8105.0,121903.94875,0.0,0.0,380.0,2929.9,837820.0,2403520.148600001,111086.0,527293.1466399997,0.0,0.0,3684142.0,20052808.64677,0.0,0.0,October
KOTAK MAHINDRA BANK LTD,1996.0,757.0,80970.0,0.0,167867.0,721514.0,4554468.0,35464466.0,13746666.0,29499277.92171,4064205.0,35660301.38773,0.0,0.0,26546.0,137973.19615,1723926.0,6000051.396,1604300.0,5616999.304,0.0,0.0,9356974.0,52341768.22968001,0.0,0.0,October
NAINITAL BANK LTD,0.0,0.0,0.0,0.0,0.0,0.0,0.0,321669.0,0.0,0.0,0.0,0.0,0.0,0.0,0.0,0.0,11453.0,27965.74935,3041.0,11542.89608,0.0,0.0,64067.0,333900.9,0.0,0.0,October
RBL BANK LTD,379.0,37.0,3415924.0,0.0,1595.0,52709.0,4565378.0,1654240.0,4783520.0,28347595.50164,6179738.0,46366535.838300005,0.0,0.0,34340.0,181434.52601,114724.0,447209.63393000007,67024.0,448771.05934,57.0,1383.35511,412794.0,2381333.9531300003,0.0,0.0,October
SOUTH INDIAN BANK,910.0,359.0,13616.0,0.0,34823.0,109685.0,358922.0,4088777.0,506890.0,2304476.85636,596957.0,3786479.98051,0.0,0.0,0.0,0.0,775180.0,2433542.049,146089.0,834959.39648,0.0,0.0,2471434.0,13263727.191,0.0,0.0,October
TAMILNAD MERCANTILE BANK LTD,505.0,648.0,2081.0,0.0,0.0,195378.0,18927.0,2556579.0,41070.0,197745.33909,14649.0,96370.31436,0.0,0.0,1870.0,7158.44362,297705.0,1268878.69737,23598.0,136213.04264,70.0,232.212,4172150.0,22335504.6,0.0,0.0,October
YES BANK LTD,1197.0,128.0,100403.0,77565.0,115638.0,553298215.0,2685768.0,5365409.0,12829722.0,23149915.99042,1367065.0,16118023.70821,0.0,0.0,9543.0,50681.3,417067.0,1650530.2633299918,113131.0,765192.2598499969,68.0,557.7570000000001,1814409.0,11183024.446,0.0,0.0,October
AMERICAN EXPRESS BANKING CORPORATION,0.0,0.0,11239.0,0.0,0.0,0.0,1347687.0,0.0,1655235.0,18591319.167,4148806.0,42342926.597,0.0,0.0,0.0,0.0,0.0,0.0,0.0,0.0,0.0,0.0,0.0,0.0,0.0,0.0,October
BANK OF AMERICA,0.0,0.0,0.0,0.0,0.0,0.0,0.0,0.0,0.0,0.0,0.0,0.0,0.0,0.0,0.0,0.0,0.0,0.0,0.0,0.0,0.0,0.0,0.0,0.0,0.0,0.0,October
BANK OF BAHRAIN & KUWAIT B.S.C.,0.0,0.0,0.0,0.0,0.0,0.0,0.0,1105.0,0.0,0.0,0.0,0.0,0.0,0.0,0.0,0.0,919.0,2672.89205,7.0,4.5873,0.0,0.0,1471.0,7480.76,0.0,0.0,October
BARCLAYS BANK PLC,0.0,0.0,0.0,0.0,1.0,0.0,0.0,505.0,0.0,0.0,0.0,0.0,0.0,0.0,0.0,0.0,35.0,290.49922,0.0,0.0,0.0,0.0,580.0,5415.5,0.0,0.0,October
CITI BANK,0.0,0.0,0.0,0.0,0.0,0.0,256388.0,0.0,136799.0,929525.9661200066,292139.0,3944911.547089422,0.0,0.0,489.0,3964.5,0.0,0.0,0.0,0.0,0.0,0.0,0.0,0.0,0.0,0.0,October
DBS INDIA BANK LTD,413.0,330.0,669.0,87.0,0.0,8828.0,408530.0,1625314.0,398694.0,1920129.54664,269983.0,2291936.14506,0.0,0.0,1552.0,5174.3,154050.0,478956.18029999867,58897.0,217459.17556,0.0,0.0,627168.0,3831615.260000044,0.0,0.0,October
DEUTSCHE BANK LTD,12.0,3.0,0.0,0.0,0.0,292.0,0.0,99705.0,0.0,0.0,0.0,0.0,0.0,0.0,0.0,0.0,21142.0,88403.28947000018,14855.0,54316.68267000021,0.0,0.0,25649.0,166726.045,0.0,0.0,October
DOHA BANK Q.P.S.C.,2.0,0.0,0.0,0.0,0.0,0.0,0.0,23279.0,0.0,0.0,0.0,0.0,0.0,0.0,0.0,0.0,581.0,2162.07772,148.0,646.0496999999999,0.0,0.0,1637.0,10502.5,0.0,0.0,October
HSBC LTD,46.0,25.0,0.0,0.0,0.0,0.0,954431.0,869930.0,1187231.0,5623505.779519971,2398269.0,11057601.354119278,0.0,0.0,3006.0,21407.36287,293328.0,1831816.56455,0.0,0.0,0.0,0.0,258473.0,1668479.10888,0.0,0.0,October
KEB HANA BANK,1.0,0.0,0.0,0.0,0.0,0.0,0.0,1799.0,0.0,0.0,0.0,0.0,0.0,0.0,0.0,0.0,1038.0,3701.119,70.0,312.081,0.0,0.0,188.0,1259.524,0.0,0.0,October
KOOKMIN BANK,0.0,0.0,0.0,0.0,0.0,0.0,0.0,584.0,0.0,0.0,0.0,0.0,0.0,0.0,0.0,0.0,302.0,947.5924,105.0,236.8057,0.0,0.0,53.0,323.0,0.0,0.0,October
SBM BANK INDIA LTD,0.0,0.0,0.0,0.0,0.0,104.0,774149.0,846393.0,146492.0,210399.52148999984,338302.0,431531.1887299999,0.0,0.0,1431.0,3878.95001,8418.0,31549.813110000003,8821.0,40428.12705,0.0,0.0,29108.0,95088.78566,0.0,0.0,October
STANDARD CHARTERED BANK LTD,100.0,37.0,0.0,0.0,0.0,0.0,737801.0,851298.0,818330.0,3485237.000059911,943290.0,5074861.136459664,0.0,0.0,1467.0,10013.14376,215991.0,1062972.4122199905,112658.0,495186.0002499875,21.0,318.01115000000004,424217.0,2558018.698020002,0.0,0.0,October
WOORI BANK,0.0,0.0,0.0,0.0,0.0,0.0,0.0,1448.0,0.0,0.0,0.0,0.0,0.0,0.0,0.0,0.0,1510.0,6307.758709999999,762.0,2437.334559999999,0.0,0.0,59.0,458.92,0.0,0.0,October
AIRTEL PAYMENTS BANK,0.0,0.0,0.0,156986.0,0.0,1182090.0,0.0,8424873.0,0.0,0.0,0.0,0.0,0.0,0.0,0.0,0.0,996740.0,52369.15269,29916.0,39052.83002,0.0,0.0,559835.0,2109481.56409,0.0,0.0,October
FINO PAYMENTS BANK,0.0,0.0,0.0,465034.0,0.0,10832.0,0.0,10620584.0,0.0,0.0,0.0,0.0,0.0,0.0,0.0,0.0,117196.0,207540.77612,1484.0,3692.23227,0.0,0.0,2171807.0,7481209.413,0.0,0.0,October
INDIA POST PAYMENTS BANK,0.0,0.0,0.0,194270.0,0.0,2941846.0,0.0,29582151.0,0.0,0.0,0.0,0.0,0.0,0.0,0.0,0.0,0.0,0.0,70874.0,57310.18421,0.0,0.0,0.0,0.0,0.0,0.0,October
JIO PAYMENTS BANK ,0.0,0.0,0.0,0.0,0.0,146881.0,0.0,1364364.0,0.0,0.0,0.0,0.0,0.0,0.0,0.0,0.0,15491.0,38311.25783,32863.0,246729.0629,2318.0,1446.16275,152695.0,896987.79,0.0,0.0,October
NSDL PAYMENTS BANK,0.0,0.0,0.0,304718.0,0.0,0.0,0.0,2386959.0,0.0,0.0,0.0,0.0,0.0,0.0,0.0,0.0,19012.0,34262.49273999998,13392.0,35944.13902999991,0.0,0.0,524824.0,1511069.6,0.0,0.0,October
PAYTM PAYMENTS BANK,0.0,0.0,0.0,0.0,0.0,0.0,0.0,30581720.0,0.0,0.0,0.0,0.0,0.0,0.0,0.0,0.0,45.0,9.20589,159.0,9.73361,0.0,0.0,27.0,95.5,0.0,0.0,October
AU SMALL FINANCE BANK LTD,721.0,6.0,0.0,858.0,0.0,361903.0,950337.0,8930468.0,845872.0,5066097.922270001,2512572.0,6431200.84557,77.0,47.073,2913.0,18255.3,163537.0,563662.7096300002,150002.0,688358.4333499726,159.0,2387.65,1330148.0,7237416.907,0.0,0.0,October
CAPITAL SMALL FINANCE BANK LTD,200.0,2.0,0.0,0.0,0.0,0.0,0.0,231404.0,0.0,0.0,0.0,0.0,0.0,0.0,0.0,0.0,24256.0,85862.96225,1789.0,11668.92443,0.0,0.0,115615.0,686104.6,0.0,0.0,October
EQUITAS SMALL FINANCE BANK LTD,382.0,4.0,2601.0,340.0,61439.0,0.0,5090.0,1251261.0,29863.0,84501.83218000001,3976.0,42641.01982,0.0,0.0,174.0,1165.5,86058.0,271269.38138,15255.0,82089.21196000002,0.0,0.0,1906227.0,5525663.813,0.0,0.0,October
ESAF SMALL FINANCE BANK LTD,717.0,2.0,0.0,5110.0,0.0,0.0,4270.0,5765549.0,3379.0,8418.764210000008,30139.0,24750.57111999997,0.0,0.0,22.0,58.5,116946.0,266325.49285,8504.0,34972.90514,0.0,0.0,729088.0,3773208.44,0.0,0.0,October
JANA SMALL FINANCE BANK LTD,57.0,5.0,0.0,173.0,0.0,513882.0,0.0,4162511.0,0.0,0.0,0.0,0.0,0.0,0.0,0.0,0.0,41625.0,109538.33097,6644.0,25884.11596,0.0,0.0,512566.0,1778661.28912,0.0,0.0,October
SLICE SMALL FINANCE BANK LTD,3.0,0.0,0.0,0.0,0.0,0.0,26257.0,2775729.0,297157.0,202338.90127,66244.0,166431.65051,0.0,0.0,0.0,0.0,6738.0,16084.80629,18155.0,88143.56678000001,0.0,0.0,58442.0,291904.3,3161.0,11263.09,October
SHIVALIK SMALL FINANCE BANK LTD,0.0,0.0,0.0,0.0,0.0,0.0,0.0,36766.0,0.0,0.0,0.0,0.0,0.0,0.0,0.0,0.0,1967.0,6789.94482,465.0,1813.29923,0.0,0.0,16763.0,95158.792,0.0,0.0,October
SURYODAY SMALL FINANCE BANK LTD,0.0,0.0,0.0,67.0,0.0,0.0,11057.0,913377.0,2437.0,9959.12454,7479.0,20201.30531000001,0.0,0.0,19.0,111.0,7388.0,16429.928,1351.0,8088.905,0.0,0.0,71897.0,331455.066,0.0,0.0,October
UJJIVAN SMALL FINANCE BANK LTD,609.0,4.0,0.0,0.0,0.0,557798.0,0.0,6404201.0,0.0,0.0,0.0,0.0,0.0,0.0,0.0,0.0,123553.0,321973.28391,20761.0,102348.12815,0.0,0.0,2810315.0,11284357.4,0.0,0.0,October
UNITY SMALL FINANCE BANK LTD,182.0,0.0,0.0,0.0,0.0,0.0,75801.0,110422.0,22052.0,75134.51879,58877.0,191180.3349,0.0,0.0,522.0,1756.63855,8778.0,26769.66660000003,1038.0,6036.7791,0.0,0.0,39769.0,200692.156,0.0,0.0,October
UTKARSH SMALL FINANCE BANK LTD,345.0,7.0,0.0,783.0,0.0,41277.0,219546.0,1589431.0,15101.0,23448.86801,62614.0,65762.80225,2075227.0,526386.4758,510.0,575.3,18210.0,70615.68179999989,3696.0,26798.520820000027,0.0,0.0,155720.0,987052.32953,0.0,0.0,October
BANK OF BARODA,8976.0,2481.0,55231.0,42235.0,24709.0,2847996.0,3072859.0,88807897.0,8047742.0,14797980.925,3575819.0,18603138.319,0.0,0.0,10326.0,54728.4,2633885.0,6123670.17526009,298595.0,2065523.61169,5.0,9.1,21365652.0,107863256.831,1.0,0.5,September
BANK OF INDIA,5196.0,2500.0,18750.0,24886.0,0.0,1337146.0,88400.0,37149066.0,351843.0,1006101.6735,73063.0,364810.69812,0.0,0.0,7018.0,37425.1568,1877149.0,4152661.09901,324206.0,789123.37373,0.0,0.0,13834045.0,59415231.212,0.0,0.0,September
BANK OF MAHARASHTRA,2321.0,250.0,159.0,5997.0,355014.0,952740.0,2444.0,13803502.0,15.0,36.503800000000005,0.0,0.0,0.0,0.0,0.0,0.0,899657.0,2004018.27677,124767.0,421211.46246,5708.0,58632.74827,5489038.0,26656670.18312,0.0,0.0,September
CANARA BANK,7332.0,3532.0,86392.0,11076.0,0.0,3855241.0,1055201.0,61566295.0,1036904.0,4197357.09984,526140.0,3151906.08612,0.0,0.0,85330.0,501300.6,4887605.0,14049490.18015,780337.0,4116827.14774,4401.0,88995.447,27414380.0,137580890.937,0.0,0.0,September
CENTRAL BANK OF INDIA,2948.0,1218.0,3370.0,2741.0,38138.0,2074385.0,0.0,29370830.0,0.0,0.0,0.0,0.0,0.0,0.0,0.0,0.0,874091.0,2978788.949,164804.0,619963.7035,0.0,0.0,7280973.0,34912852.312,18.0,332.203,September
INDIAN BANK,4925.0,640.0,20277.0,15597.0,0.0,2590962.0,274482.0,34260118.0,176716.0,824993.25139,141327.0,1068397.6946,0.0,0.0,3800.0,30707.102,2899973.0,6473837.91026,408860.0,1061851.292,143.0,412.424,17748259.0,89909508.34059,6.0,3.5,September
INDIAN OVERSEAS BANK,2841.0,726.0,0.0,11467.0,0.0,504075.0,99731.0,20103033.0,263890.0,555365.21142,53792.0,171013.68003999998,0.0,0.0,5026.0,26261.0,1977153.0,4695821.169840001,218732.0,629944.1608200001,0.0,0.0,11102423.0,50906168.00613,0.0,0.0,September
PUNJAB AND SIND BANK,1053.0,37.0,1107.0,1919.0,1253.0,205466.0,0.0,3727634.0,0.0,0.0,0.0,0.0,0.0,0.0,0.0,0.0,54253.0,187921.079,165946.0,411856.225,0.0,0.0,1155533.0,5652057.1,0.0,0.0,September
PUNJAB NATIONAL BANK,7304.0,3883.0,23815.0,0.0,351363.0,1351586.0,655841.0,42219130.0,339172.0,1558620.87604,303879.0,1778193.75578,5.0,170.509,6471.0,21237.6,3353339.0,8754621.32535,829818.0,2216381.11262,0.0,0.0,22087977.0,113849675.9,0.0,0.0,September
STATE BANK OF INDIA,28848.0,33728.0,1645821.0,52719.0,1023057.0,5640748.0,21502248.0,246888722.0,24357365.0,113941510.00590011,63234574.0,292286146.35387003,0.0,0.0,125082.0,546350.21464,26144295.0,68013826.84526001,6841761.0,31143042.271,609.0,7987.66489,143954696.0,789492846.56586,8548.0,7924.87062,September
UCO BANK,2377.0,216.0,10709.0,3568.0,151.0,1410260.0,0.0,13435025.0,0.0,0.0,0.0,0.0,0.0,0.0,0.0,0.0,779158.0,2097795.6727,216505.0,590565.2068099999,788.0,15366.99455,6074865.0,29886204.39562,32.0,21.3059,September
UNION BANK OF INDIA,7866.0,1196.0,53428.0,8059.0,369473.0,291785.0,475427.0,57201215.0,480574.0,2101137.726,1799229.0,3210082.113,0.0,0.0,8731.0,37968.585,3588891.0,8505983.897090001,908024.0,2442384.88026,2150.0,8722.954,40386186.0,118809305.356,11.0,2.2,September
AXIS BANK LTD,6534.0,6643.0,2404312.0,0.0,606263.0,112658201.0,15424177.0,41480021.0,42530527.0,104193498.5942302,32133750.0,156237539.6705098,0.0,0.0,69702.0,387887.58866,3487687.0,12970073.25767999,1665849.0,11019161.642519992,10494.0,274106.599,14780875.0,100127686.616,0.0,0.0,September
BANDHAN BANK LTD,417.0,5.0,70913.0,0.0,37510.0,0.0,6.0,6565193.0,0.0,0.0,0.0,0.0,0.0,0.0,0.0,0.0,195726.0,678588.6340799999,53662.0,248139.95866,0.0,0.0,2016344.0,11513330.439,6.0,4.6,September
CITY UNION BANK LTD.,1252.0,457.0,7127.0,63051.0,0.0,67258.0,54116.0,3265196.0,57387.0,329827.73566,23911.0,235618.206659999,0.0,0.0,288.0,1747.0,413054.0,1255792.7793599998,38705.0,108675.30265,0.0,0.0,2147892.0,13151036.00978,0.0,0.0,September
CSB BANK LTD.,773.0,37.0,0.0,0.0,19379.0,0.0,173670.0,956515.0,233145.0,636062.92479,1878742.0,1777663.9342,0.0,0.0,0.0,0.0,110235.0,288045.64501,7449.0,32879.29458,0.0,0.0,354014.0,1920907.7,0.0,0.0,September
DCB BANK LTD,436.0,5.0,0.0,0.0,0.0,0.0,957.0,1125151.0,1431.0,6807.76934,1129.0,8825.173949999999,0.0,0.0,16.0,93.3,72363.0,228748.85597,57620.0,227424.2782,173.0,5142.065,216698.0,1430320.969,0.0,0.0,September
DHANALAXMI BANK LTD,243.0,38.0,1549.0,0.0,0.0,40811.0,14361.0,602492.0,26358.0,70960.23445999999,7610.0,32620.16835,0.0,0.0,290.0,898.7,112771.0,252751.59086000003,3872.0,11523.698239999998,0.0,0.0,375744.0,1755952.68421,0.0,0.0,September
FEDERAL BANK LTD,1793.0,289.0,23206.0,0.0,0.0,6097934.0,1610622.0,14641298.0,3279474.0,8290630.669,1970542.0,11391494.00484,0.0,0.0,5484.0,27485.94688,2387469.0,7439112.602,1032889.0,4269668.73,3027.0,42386.961630000005,6706232.0,36640796.817,1.0,0.8,September
HDFC BANK LTD,12918.0,8499.0,1716995.0,1981.0,2253065.0,966706.0,25285047.0,61534639.0,91371979.0,221192951.64991,39890352.0,384630924.03306,0.0,0.0,157119.0,1063893.62162,7611813.0,32261544.09481,5834853.0,35772031.84890999,44547.0,836421.55476,29592195.0,209826917.181,19.0,22.40009,September
ICICI BANK LTD,7981.0,2628.0,2239561.0,6252.0,605152.0,3857032.0,18372151.0,31563890.0,16571896.0,97645501.63785984,71224564.0,321563561.6615752,96.0,7503.614,53079.0,279978.419,4067093.0,19795113.55737,2929191.0,23084187.841339845,3844.0,84912.884,11940307.0,93466837.784,0.0,0.0,September
IDBI BANK LTD,2344.0,642.0,13836.0,1572.0,0.0,400612.0,45272.0,11888472.0,77639.0,361309.9264,76262.0,335943.95215,0.0,0.0,512.0,3162.9179,868673.0,2124796.14402,167071.0,539100.0904,0.0,0.0,4201432.0,22472006.937,154.0,59.33417,September
IDFC FIRST BANK LTD,754.0,211.0,39145.0,7226.0,0.0,200972.0,4049878.0,6713487.0,14064682.0,22975604.675,2757016.0,19898848.477,0.0,0.0,21889.0,113706.9,533878.0,2040871.35649,285698.0,3378560.04425,0.0,0.0,2883260.0,16900519.336,0.0,0.0,September
INDUSIND BANK LTD,2052.0,1002.0,129013.0,0.0,12222.0,7950893.0,3180135.0,11497612.0,3792721.0,29316675.797,9272142.0,51725972.428,0.0,0.0,19696.0,106203.361,525424.0,1656430.524,413105.0,2253382.531,811.0,58934.47,3548701.0,19997410.283795003,0.0,0.0,September
JAMMU AND KASHMIR BANK LTD,954.0,636.0,14106.0,1307.0,0.0,642719.0,138355.0,5106456.0,167961.0,1587557.87005,94729.0,430082.35395,0.0,0.0,10754.0,50268.29314,587496.0,1484510.34794,457578.0,465485.30799,0.0,0.0,4393899.0,24613879.157,0.0,0.0,September
KARNATAKA BANK LTD,954.0,534.0,8705.0,0.0,0.0,136574.0,0.0,5658883.0,0.0,0.0,0.0,0.0,0.0,0.0,0.0,0.0,598063.0,1253477.7588,42721.0,154257.35093000002,0.0,0.0,3210061.0,16293093.923,0.0,0.0,September
KARUR VYSYA BANK LTD,1569.0,656.0,753.0,0.0,0.0,46448.0,9969.0,5579441.0,22007.0,158916.98823,8140.0,120912.96788,0.0,0.0,410.0,3159.4,766622.0,2041513.1503899996,114341.0,510375.5223099999,0.0,0.0,3610575.0,19221746.24979,0.0,0.0,September
KOTAK MAHINDRA BANK LTD,1995.0,763.0,79234.0,0.0,160627.0,728858.0,4553703.0,36280138.0,12687478.0,24649817.88006,4063847.0,36592326.4642,0.0,0.0,24487.0,124630.75447,1583658.0,4297459.47,1544720.0,5419727.567,0.0,0.0,8655488.0,47009259.16356,0.0,0.0,September
NAINITAL BANK LTD,0.0,0.0,0.0,0.0,0.0,0.0,0.0,318438.0,0.0,0.0,0.0,0.0,0.0,0.0,0.0,0.0,10720.0,20428.07405,3110.0,10119.83277,0.0,0.0,60064.0,294060.7,0.0,0.0,September
RBL BANK LTD,378.0,37.0,3314358.0,0.0,1596.0,52326.0,4585190.0,1645368.0,4407117.0,24174304.55711,5806548.0,44575366.5245,0.0,0.0,32380.0,162923.76891999997,110534.0,372106.75903,69602.0,445333.5631199999,39.0,1884.153,394126.0,2230477.07,0.0,0.0,September
SOUTH INDIAN BANK,910.0,359.0,13477.0,0.0,34884.0,108626.0,361348.0,4067714.0,474791.0,1947456.82837,603606.0,3850452.77272,0.0,0.0,0.0,0.0,831740.0,2483434.55,146972.0,820931.518,0.0,0.0,2445011.0,13080250.928,0.0,0.0,September
TAMILNAD MERCANTILE BANK LTD,505.0,648.0,2143.0,0.0,0.0,194532.0,22418.0,2549110.0,38147.0,184374.96038,16360.0,107047.27481,0.0,0.0,1583.0,6920.6,248766.0,929544.79685,25074.0,143645.44754,87.0,258.901,3987462.0,20631672.4,0.0,0.0,September
YES BANK LTD,1188.0,128.0,100668.0,78109.0,115378.0,546106442.0,2652060.0,5372971.0,11830004.0,19912277.78991,1344484.0,15689700.91246,0.0,0.0,8887.0,46485.6,382411.0,1225136.786209992,116553.0,777696.7007999986,21.0,256.748,1663845.0,9965341.696,0.0,0.0,September
AMERICAN EXPRESS BANKING CORPORATION,0.0,0.0,14732.0,0.0,0.0,0.0,1350152.0,0.0,1505933.0,14323762.406,4165277.0,42002543.66,0.0,0.0,0.0,0.0,0.0,0.0,0.0,0.0,0.0,0.0,0.0,0.0,0.0,0.0,September
BANK OF AMERICA,0.0,0.0,0.0,0.0,0.0,0.0,0.0,0.0,0.0,0.0,0.0,0.0,0.0,0.0,0.0,0.0,0.0,0.0,0.0,0.0,0.0,0.0,0.0,0.0,0.0,0.0,September
BANK OF BAHRAIN & KUWAIT B.S.C.,0.0,0.0,0.0,0.0,0.0,0.0,0.0,1105.0,0.0,0.0,0.0,0.0,0.0,0.0,0.0,0.0,786.0,2136.55862,0.0,0.0,0.0,0.0,1273.0,6544.71,0.0,0.0,September
BARCLAYS BANK PLC,0.0,0.0,0.0,0.0,1.0,0.0,0.0,498.0,0.0,0.0,0.0,0.0,0.0,0.0,0.0,0.0,65.0,152.87062,0.0,0.0,0.0,0.0,603.0,5580.4,0.0,0.0,September
CITI BANK,0.0,0.0,0.0,0.0,0.0,0.0,252574.0,0.0,178680.0,1257570.655870028,339164.0,3980102.672570008,0.0,0.0,488.0,3980.8,0.0,0.0,0.0,0.0,0.0,0.0,0.0,0.0,0.0,0.0,September
DBS INDIA BANK LTD,413.0,331.0,662.0,87.0,0.0,8789.0,412418.0,1632933.0,374889.0,1716974.47502,270063.0,2346838.63309,0.0,0.0,1423.0,4280.81251,144606.0,392534.17174999806,62399.0,214250.16318999985,0.0,0.0,613381.0,3655193.694300044,0.0,0.0,September
DEUTSCHE BANK LTD,12.0,3.0,0.0,0.0,0.0,294.0,0.0,99790.0,0.0,0.0,0.0,0.0,0.0,0.0,0.0,0.0,18145.0,67870.68626999999,14030.0,51633.506039999935,0.0,0.0,21914.0,140106.4,0.0,0.0,September
DOHA BANK Q.P.S.C.,2.0,0.0,0.0,0.0,0.0,0.0,0.0,23220.0,0.0,0.0,0.0,0.0,0.0,0.0,0.0,0.0,679.0,2640.56965,127.0,323.05867,0.0,0.0,1535.0,9455.8,0.0,0.0,September
HSBC LTD,46.0,25.0,0.0,0.0,0.0,0.0,974071.0,859010.0,1046460.0,4251531.103869988,2229832.0,10495892.94957907,0.0,0.0,2826.0,18030.56058,253054.0,1475480.3049100002,0.0,0.0,0.0,0.0,218855.0,1382949.7691699998,0.0,0.0,September
KEB HANA BANK,1.0,0.0,0.0,0.0,0.0,0.0,0.0,1787.0,0.0,0.0,0.0,0.0,0.0,0.0,0.0,0.0,1073.0,3414.651,100.0,261.909,0.0,0.0,261.0,1884.5,0.0,0.0,September
KOOKMIN BANK,0.0,0.0,0.0,0.0,0.0,0.0,0.0,580.0,0.0,0.0,0.0,0.0,0.0,0.0,0.0,0.0,372.0,803.42761,145.0,475.77018,0.0,0.0,87.0,559.2,0.0,0.0,September
SBM BANK INDIA LTD,0.0,0.0,0.0,0.0,0.0,98.0,754897.0,842915.0,141120.0,188630.66013999988,333911.0,433227.5161299996,0.0,0.0,1403.0,3859.11252,8049.0,23539.99393,8595.0,37456.2623,0.0,0.0,28174.0,91043.85377,0.0,0.0,September
STANDARD CHARTERED BANK LTD,100.0,37.0,0.0,0.0,0.0,0.0,763773.0,851169.0,743408.0,2794982.3770099147,940384.0,5126323.377379048,0.0,0.0,1283.0,8908.0,195391.0,799908.6825999975,108916.0,491079.1063899874,19.0,531.695,376452.0,2191170.72685,0.0,0.0,September
WOORI BANK,0.0,0.0,0.0,0.0,0.0,0.0,0.0,1448.0,0.0,0.0,0.0,0.0,0.0,0.0,0.0,0.0,1752.0,6635.04082,684.0,1921.87564,0.0,0.0,575.0,4816.6,0.0,0.0,September
AIRTEL PAYMENTS BANK,0.0,0.0,0.0,155988.0,0.0,1175114.0,0.0,8029234.0,0.0,0.0,0.0,0.0,0.0,0.0,0.0,0.0,931859.0,50464.85632,36441.0,52294.15095,0.0,0.0,509341.0,1885193.80539,0.0,0.0,September
FINO PAYMENTS BANK,0.0,0.0,0.0,463307.0,0.0,10993.0,0.0,10682723.0,0.0,0.0,0.0,0.0,0.0,0.0,0.0,0.0,115890.0,229969.81969,1768.0,4597.64601,0.0,0.0,2014146.0,6794167.142,0.0,0.0,September
INDIA POST PAYMENTS BANK,0.0,0.0,0.0,200096.0,0.0,2842670.0,0.0,29140680.0,0.0,0.0,0.0,0.0,0.0,0.0,0.0,0.0,0.0,0.0,91898.0,76502.49732,0.0,0.0,0.0,0.0,0.0,0.0,September
JIO PAYMENTS BANK ,0.0,0.0,0.0,0.0,0.0,142411.0,0.0,1257080.0,0.0,0.0,0.0,0.0,0.0,0.0,0.0,0.0,14489.0,33081.97561,33958.0,202581.79812999905,2056.0,1252.4708999999998,125111.0,682746.88,0.0,0.0,September
NSDL PAYMENTS BANK,0.0,0.0,0.0,293451.0,0.0,0.0,0.0,2234796.0,0.0,0.0,0.0,0.0,0.0,0.0,0.0,0.0,17316.0,29435.738409999984,13566.0,36921.50210999996,0.0,0.0,485784.0,1410867.8,0.0,0.0,September
PAYTM PAYMENTS BANK,0.0,0.0,0.0,0.0,0.0,0.0,0.0,30582984.0,0.0,0.0,0.0,0.0,0.0,0.0,0.0,0.0,71.0,20.2053,283.0,28.83896,0.0,0.0,38.0,72.6,0.0,0.0,September
AU SMALL FINANCE BANK LTD,701.0,6.0,0.0,858.0,0.0,357758.0,956080.0,8826049.0,771861.0,4083598.91252,2386525.0,6575556.991640001,100.0,69.9,2090.0,11210.2,149819.0,435086.330089999,154466.0,733880.733619988,107.0,1270.52,1205705.0,6266669.098,0.0,0.0,September
CAPITAL SMALL FINANCE BANK LTD,199.0,2.0,0.0,0.0,0.0,0.0,0.0,229732.0,0.0,0.0,0.0,0.0,0.0,0.0,0.0,0.0,21321.0,60233.69012,1854.0,12252.07238,0.0,0.0,107738.0,601279.6,0.0,0.0,September
EQUITAS SMALL FINANCE BANK LTD,378.0,4.0,2548.0,337.0,61293.0,0.0,3848.0,1246990.0,17101.0,55659.95982999997,3603.0,41533.80938,0.0,0.0,108.0,641.4,78931.0,204746.24091,17952.0,104979.59744,0.0,0.0,1776608.0,5116214.625,0.0,0.0,September
ESAF SMALL FINANCE BANK LTD,716.0,2.0,0.0,5041.0,0.0,0.0,3843.0,5651363.0,3094.0,6844.329420000001,25783.0,21432.93821000001,0.0,0.0,17.0,92.0,118201.0,262516.19155,7767.0,32474.53911,0.0,0.0,706320.0,3611511.665,0.0,0.0,September
JANA SMALL FINANCE BANK LTD,57.0,4.0,0.0,173.0,0.0,512616.0,0.0,4119059.0,0.0,0.0,0.0,0.0,0.0,0.0,0.0,0.0,43307.0,96950.5012,8179.0,28414.11122,0.0,0.0,510632.0,1883009.32792,0.0,0.0,September
SLICE SMALL FINANCE BANK LTD,3.0,0.0,0.0,0.0,0.0,0.0,11565.0,2405238.0,110793.0,63444.84053,24386.0,49613.10393,0.0,0.0,0.0,0.0,7111.0,16160.45725,17172.0,104823.61216,0.0,0.0,105443.0,376564.7,943.0,3829.37016,September
SHIVALIK SMALL FINANCE BANK LTD,0.0,0.0,0.0,0.0,0.0,0.0,0.0,35516.0,0.0,0.0,0.0,0.0,0.0,0.0,0.0,0.0,1528.0,4434.9231500000005,481.0,4018.41121,0.0,0.0,15447.0,88501.711,0.0,0.0,September
SURYODAY SMALL FINANCE BANK LTD,0.0,0.0,0.0,67.0,0.0,0.0,5066.0,905376.0,1611.0,4725.420550000002,4893.0,13968.341649999988,0.0,0.0,18.0,101.1,7067.0,14090.117,1661.0,10702.084,0.0,0.0,71786.0,329543.26,0.0,0.0,September
UJJIVAN SMALL FINANCE BANK LTD,609.0,4.0,0.0,0.0,0.0,563427.0,0.0,6516027.0,0.0,0.0,0.0,0.0,0.0,0.0,0.0,0.0,123516.0,290433.00388,23687.0,106987.548,0.0,0.0,2922270.0,12013801.392,1.0,1.5,September
UNITY SMALL FINANCE BANK LTD,189.0,0.0,0.0,0.0,0.0,0.0,51267.0,107119.0,16948.0,55789.34005,47423.0,181149.4776,0.0,0.0,374.0,1019.8,7717.0,23757.793880000045,1070.0,5767.800790000004,0.0,0.0,38324.0,188181.2,0.0,0.0,September
UTKARSH SMALL FINANCE BANK LTD,301.0,5.0,0.0,778.0,0.0,41236.0,207618.0,1579417.0,13752.0,17841.71515,65494.0,71040.49154,1907537.0,445352.0296,499.0,592.9,18070.0,62342.98368,3982.0,27133.715530000005,1.0,0.5,154064.0,918043.606,0.0,0.0,September
